,entry_id,waste_amount_(ton),latitude,longitude,date_of_record,waste_type,source,disposal_method,comments
0,1,21.83,-85.886264,-67.980503,2023-08-30,Organic,Agricultural,Incinerated,Collection establish green born paper.
1,2,156.17,38.5805575,-67.643364,2023-04-23,Hazardous,Commercial,Landfill,
2,3,256.67,-0.5869805,-66.326707,2023-09-12,Glass,Commercial,Incinerated,
3,4,214.98,-19.3125235,-136.866071,2023-08-23,Metal,Residential,Composted,
4,5,300.47,-61.212539,-112.057098,2023-08-01,Metal,Residential,Incinerated,
5,6,319.65,78.966286,-90.16631,2023-03-05,Glass,Residential,Recycled,
6,7,118.32,46.468862,-133.661013,2023-04-07,Plastic,Commercial,Landfill,
7,8,272.87,-65.0968195,-120.167085,2023-04-27,Hazardous,Residential,Recycled,
8,9,141.59,87.851158,129.279113,2023-05-31,Plastic,Residential,Incinerated,
9,10,407.87,0.719834,93.88951,2023-08-13,Hazardous,Residential,Incinerated,
10,11,246.47,81.4244005,176.248365,2023-04-24,Electronic,Industrial,Landfill,
11,12,213.57,-9.9573155,105.078829,2023-08-13,Organic,Agricultural,Incinerated,
12,13,337.55,-70.097798,59.232657,2023-08-09,Organic,Agricultural,Composted,
13,14,73.49,-88.33687,-67.640904,2023-08-08,Metal,Agricultural,Recycled,
14,15,157.81,48.393486,36.053956,2023-08-21,Plastic,Residential,Landfill,
15,16,247.43,42.6629205,98.784066,2023-03-14,Hazardous,Agricultural,Recycled,
16,17,163.48,-84.285353,13.030216,2023-03-05,Glass,Industrial,Composted,
17,18,414.06,23.1594245,112.905699,2023-02-28,Metal,Commercial,Recycled,
18,19,368.15,9.150392,153.185087,2023-08-15,Glass,Agricultural,Composted,
19,20,162.9,-13.8345505,-7.618478,2023-08-06,Plastic,Industrial,Recycled,
20,21,56.73,1.961202,100.035891,2023-08-18,Plastic,Industrial,Incinerated,
21,22,101.81,-52.977561,-12.868723,2023-06-15,Organic,Industrial,Recycled,
22,23,320.37,-59.5331695,71.518129,2023-04-14,Organic,Industrial,Composted,
23,24,54.16,11.1086965,-11.825283,2023-01-02,Electronic,Agricultural,Incinerated,Suffer perhaps service among stock new turn.
24,25,99.82,-39.0213175,-179.936601,2023-03-27,Metal,Residential,Recycled,
25,26,303.15,68.0049635,-17.066546,2023-03-02,Plastic,Residential,Landfill,
26,27,286.76,-52.4171495,161.783915,2023-06-14,Organic,Commercial,Incinerated,
27,28,122.15,3.204225,-90.302187,2023-03-11,Plastic,Agricultural,Incinerated,
28,29,477.14,7.701588,-147.654478,2023-02-21,Organic,Commercial,Landfill,
29,30,181.91,43.2901875,175.346097,2023-08-23,Hazardous,Industrial,Landfill,
30,31,273.28,-49.1864035,-42.154059,2023-01-20,Hazardous,Industrial,Landfill,
31,32,43.83,58.6462555,-139.198774,2023-03-01,Metal,Commercial,Incinerated,
32,33,303.89,61.694414,-120.344478,2023-04-30,Hazardous,Industrial,Composted,
33,34,22.13,41.0457555,62.463705,2023-02-19,Glass,Commercial,Incinerated,Benefit wish particular deal want.
34,35,234.01,-84.803778,173.875951,2023-05-09,Plastic,Residential,Composted,
35,36,130.43,65.9560545,105.811607,2023-03-18,Hazardous,Agricultural,Composted,
36,37,457.68,10.675109,166.883902,2023-07-01,Organic,Commercial,Incinerated,Television end total moment community those.
37,38,348.93,66.699341,-129.129886,2023-01-15,Electronic,Industrial,Composted,
38,39,371.88,75.817906,-147.20435,2023-05-04,Electronic,Commercial,Landfill,
39,40,464.7,-32.895508,-12.75754,2023-07-20,Plastic,Agricultural,Recycled,Try system your support white item lose.
40,41,82.11,30.143254,-19.536591,2023-01-23,Organic,Commercial,Recycled,
41,42,24.77,-29.71579,-124.361723,2023-04-30,Hazardous,Commercial,Recycled,
42,43,278.85,-43.336944,-94.972544,2023-02-01,Electronic,Industrial,Recycled,
43,44,450.38,23.1332595,106.677492,2023-06-16,Metal,Residential,Landfill,
44,45,326.62,-24.6660935,-153.658161,2023-01-15,Hazardous,Industrial,Incinerated,
45,46,9.25,21.4917415,-146.988804,2023-08-23,Electronic,Residential,Landfill,
46,47,120.62,-0.6014485,-108.396667,2023-07-04,Hazardous,Residential,Composted,
47,48,458.17,79.1362355,-149.007638,2023-06-07,Metal,Residential,Incinerated,
48,49,126.3,27.1195835,159.699222,2023-08-27,Hazardous,Industrial,Landfill,
49,50,301.21,-54.3248825,-10.229157,2023-05-09,Metal,Commercial,Composted,
50,51,169.02,50.681328,-141.87196,2023-02-12,Electronic,Commercial,Recycled,
51,52,480.53,-66.819855,110.210654,2023-03-04,Hazardous,Agricultural,Recycled,Blue possible inside today half from respond.
52,53,98.95,81.057946,-104.972128,2023-05-12,Metal,Residential,Composted,
53,54,492.39,72.749499,69.728228,2023-08-28,Metal,Agricultural,Composted,
54,55,73.14,77.537437,-175.519166,2023-06-17,Electronic,Agricultural,Recycled,
55,56,248.11,67.478381,30.1906,2023-02-02,Organic,Commercial,Composted,
56,57,19.51,87.2808685,75.401886,2023-02-01,Plastic,Industrial,Composted,
57,58,309.96,66.7704225,104.673705,2023-02-02,Glass,Industrial,Incinerated,
58,59,205.53,-64.7591315,-139.592288,2023-06-20,Glass,Commercial,Landfill,
59,60,353.12,52.841172,-61.540206,2023-05-19,Hazardous,Industrial,Landfill,
60,61,209.24,63.9752695,-152.781354,2023-07-13,Hazardous,Agricultural,Composted,
61,62,286.56,-28.3316265,-73.203455,2023-05-13,Electronic,Commercial,Landfill,True local occur evening sister sign here.
62,63,162.95,-57.103664,-111.231967,2023-01-14,Glass,Industrial,Landfill,
63,64,363.51,-69.0390175,151.376291,2023-03-10,Metal,Industrial,Composted,
64,65,319.52,54.049116,43.516538,2023-01-08,Electronic,Residential,Incinerated,
65,66,120.84,39.257973,104.783211,2023-03-18,Electronic,Industrial,Composted,
66,67,475.99,-63.1641415,-66.951007,2023-03-20,Plastic,Commercial,Landfill,
67,68,290.7,-69.79029,10.77666,2023-09-22,Glass,Commercial,Landfill,
68,69,496.28,-61.617679,-80.995194,2023-08-26,Hazardous,Residential,Recycled,Skin raise I agreement save capital use.
69,70,490.65,65.0434835,108.362913,2023-08-01,Metal,Residential,Incinerated,
70,71,403.62,-25.171751,111.001356,2023-09-09,Glass,Industrial,Composted,
71,72,226.29,0.961833,101.174976,2023-05-30,Organic,Residential,Recycled,
72,73,25.14,-32.6008365,97.040274,2023-08-23,Hazardous,Industrial,Landfill,
73,74,339.19,-0.994626,-48.579721,2023-08-04,Metal,Residential,Landfill,
74,75,121.17,-54.941871,-119.29503,2023-01-19,Plastic,Industrial,Incinerated,Station whom wrong say a interview.
75,76,80.03,-85.381733,-134.413004,2023-06-04,Organic,Residential,Composted,
76,77,481.32,47.758733,166.936489,2023-06-09,Hazardous,Residential,Incinerated,
77,78,138.52,-18.326625,116.801792,2023-07-31,Electronic,Commercial,Recycled,
78,79,233.13,26.743744,-164.669471,2023-06-10,Hazardous,Agricultural,Landfill,
79,80,74.09,-18.0729455,-13.833483,2023-03-10,Plastic,Industrial,Recycled,
80,81,88.69,-59.870223,123.157646,2023-08-25,Plastic,Industrial,Landfill,
81,82,277.62,-60.8835355,-6.808246,2023-06-16,Organic,Industrial,Landfill,
82,83,494.97,-41.1465275,13.93439,2023-02-22,Hazardous,Residential,Composted,
83,84,382.58,71.5506805,146.870348,2023-05-23,Glass,Commercial,Landfill,
84,85,244.94,-0.8611455,-69.922452,2023-01-25,Organic,Industrial,Composted,
85,86,38.71,-64.9100635,131.979114,2023-05-24,Glass,Industrial,Landfill,
86,87,46.22,75.438131,64.950554,2023-06-16,Glass,Industrial,Recycled,
87,88,176.57,-4.621561,81.114801,2023-05-15,Electronic,Residential,Recycled,
88,89,340.39,-66.6987435,-99.637567,2023-09-02,Glass,Agricultural,Landfill,
89,90,101.59,-40.1305395,-119.910835,2023-06-18,Organic,Industrial,Composted,
90,91,421.63,88.157745,4.012426,2023-02-14,Metal,Industrial,Recycled,
91,92,282.3,44.294308,-25.859794,2023-01-28,Organic,Residential,Landfill,
92,93,266.54,-40.9543075,154.435088,2023-03-09,Metal,Commercial,Composted,
93,94,8.64,84.7626575,81.789025,2023-01-24,Organic,Agricultural,Incinerated,
94,95,112.61,81.715811,16.315664,2023-05-12,Organic,Residential,Landfill,
95,96,201.09,-77.598891,-26.519874,2023-01-05,Metal,Agricultural,Landfill,Institution wife start boy firm minute.
96,97,80.71,-6.364191,-26.112944,2023-08-16,Metal,Residential,Landfill,
97,98,389.71,43.824965,149.70286,2023-04-15,Metal,Commercial,Landfill,
98,99,323.69,-88.3232055,108.514149,2023-08-13,Organic,Industrial,Landfill,
99,100,380.86,-32.4778525,-30.362136,2023-05-26,Plastic,Industrial,Incinerated,
100,101,78.33,6.602023,-17.927018,2023-01-05,Organic,Residential,Composted,Job manager true pull economy another nor spring.
101,102,60.32,18.875063,-129.341353,2023-02-09,Plastic,Commercial,Landfill,
102,103,495.09,-78.8630765,-72.984114,2023-02-21,Glass,Residential,Landfill,
103,104,49.73,60.371138,-38.34239,2023-09-23,Glass,Agricultural,Recycled,
104,105,479.83,-81.309583,44.690694,2023-04-04,Hazardous,Residential,Recycled,
105,106,431.38,-84.0993615,-172.565945,2023-03-16,Plastic,Agricultural,Incinerated,
106,107,143.16,-18.1193795,-2.111688,2023-05-31,Hazardous,Commercial,Landfill,
107,108,30.54,39.9897695,-2.0827,2023-07-25,Hazardous,Agricultural,Recycled,
108,109,382.31,45.74562,38.225957,2023-04-06,Electronic,Agricultural,Recycled,Trade approach anyone yourself lead.
109,110,409.71,56.3122515,-175.156529,2023-05-29,Organic,Residential,Incinerated,
110,111,330.81,57.3567075,160.50438,2023-02-17,Electronic,Residential,Composted,
111,112,73.91,42.062924,-16.56709,2023-06-07,Organic,Residential,Recycled,
112,113,427.2,-8.773763,-153.648947,2023-08-07,Plastic,Residential,Composted,
113,114,158.58,27.8011365,-129.735512,2023-06-30,Plastic,Agricultural,Composted,
114,115,283.21,17.145963,-71.016326,2023-03-13,Electronic,Agricultural,Landfill,
115,116,435.61,-13.5202185,68.693657,2023-03-23,Organic,Commercial,Landfill,
116,117,291.56,-4.737948,65.831983,2023-09-18,Plastic,Agricultural,Incinerated,
117,118,129.61,-14.6131385,-117.738698,2023-09-22,Plastic,Commercial,Incinerated,
118,119,54.15,14.4870365,80.177488,2023-01-04,Hazardous,Industrial,Composted,
119,120,166.94,-18.83596,-2.160804,2023-09-15,Plastic,Commercial,Recycled,
120,121,363.7,43.1138995,-59.994997,2023-03-22,Metal,Residential,Incinerated,
121,122,26.78,17.302698,3.218056,2023-07-04,Organic,Residential,Incinerated,
122,123,390.32,35.4419805,28.961969,2023-04-22,Electronic,Commercial,Composted,Street meet necessary.
123,124,222.88,10.3196075,-150.376773,2023-02-14,Metal,Industrial,Landfill,
124,125,355.53,-86.1678735,13.98085,2023-08-04,Plastic,Industrial,Recycled,
125,126,233.38,5.405474,-116.420623,2023-03-13,Hazardous,Agricultural,Landfill,
126,127,88.71,-62.383643,-82.831636,2023-08-24,Plastic,Residential,Landfill,
127,128,194.61,27.081429,78.537563,2023-05-30,Hazardous,Residential,Landfill,
128,129,106.62,-29.0710795,-158.477458,2023-04-28,Organic,Industrial,Landfill,
129,130,220.83,-25.7628405,-74.85931,2023-07-19,Electronic,Commercial,Incinerated,
130,131,266.96,-70.640247,83.953566,2023-01-21,Glass,Residential,Landfill,
131,132,214.59,44.944966,152.849668,2023-09-12,Plastic,Commercial,Landfill,
132,133,389.49,-61.517542,-176.300571,2023-01-19,Plastic,Industrial,Incinerated,
133,134,272.32,89.9921005,-162.146368,2023-08-30,Organic,Commercial,Incinerated,
134,135,10.89,-64.0911845,-132.926041,2023-07-05,Hazardous,Industrial,Incinerated,
135,136,376.87,-84.0127645,147.225093,2023-06-18,Electronic,Agricultural,Landfill,
136,137,282.66,78.194409,-27.570845,2023-07-18,Organic,Industrial,Recycled,
137,138,61.1,72.138259,-47.602615,2023-01-09,Electronic,Residential,Composted,
138,139,6.14,-19.6648445,75.150724,2023-03-14,Electronic,Residential,Composted,
139,140,471.65,56.6183855,158.703107,2023-07-09,Plastic,Agricultural,Composted,Difference himself million building impact measure.
140,141,199.52,55.888,134.625982,2023-06-21,Organic,Agricultural,Recycled,
141,142,147.23,-0.8000195,153.313767,2023-06-08,Metal,Agricultural,Composted,
142,143,218.72,2.144827,85.526178,2023-04-03,Plastic,Commercial,Composted,
143,144,277.16,68.7810915,-155.047275,2023-02-07,Metal,Agricultural,Recycled,
144,145,52.32,31.1565215,-116.919592,2023-06-23,Electronic,Commercial,Landfill,
145,146,494.91,-62.246663,-110.657291,2023-08-09,Organic,Residential,Recycled,
146,147,472.33,-76.977843,140.19616,2023-01-29,Plastic,Industrial,Landfill,
147,148,127.47,51.10147,57.608451,2023-05-07,Plastic,Industrial,Incinerated,
148,149,64.06,-10.5797495,53.667902,2023-07-26,Metal,Residential,Recycled,
149,150,349.39,27.3459955,5.572665,2023-07-12,Glass,Commercial,Recycled,
150,151,422.36,8.9064445,124.67984,2023-09-05,Plastic,Agricultural,Landfill,
151,152,193.63,-81.1578145,-171.95409,2023-05-02,Electronic,Commercial,Incinerated,
152,153,259.87,2.386307,-91.800369,2023-06-29,Hazardous,Agricultural,Composted,
153,154,347.06,28.0130085,-150.713237,2023-02-21,Glass,Agricultural,Incinerated,
154,155,27.25,32.5314425,-17.602794,2023-04-30,Electronic,Commercial,Recycled,
155,156,430.3,20.2236605,130.357783,2023-04-30,Plastic,Residential,Landfill,
156,157,361.1,-70.3073085,-17.616153,2023-04-29,Plastic,Industrial,Landfill,
157,158,223.52,-44.065242,-99.423495,2023-01-03,Glass,Commercial,Landfill,
158,159,184.74,-52.1319245,-143.5096,2023-06-27,Plastic,Industrial,Recycled,
159,160,17.5,45.800894,-39.934106,2023-05-03,Glass,Industrial,Landfill,
160,161,15.61,-46.0898375,-143.738441,2023-04-25,Glass,Agricultural,Landfill,Specific successful focus indeed child.
161,162,362.88,86.5366025,141.361155,2023-06-07,Glass,Residential,Incinerated,
162,163,27.74,-22.809146,64.182383,2023-06-29,Glass,Industrial,Landfill,
163,164,367.08,13.376633,171.858438,2023-05-25,Glass,Residential,Landfill,
164,165,172.76,65.171544,27.602019,2023-05-13,Organic,Agricultural,Recycled,
165,166,105.41,-78.545222,124.510659,2023-08-18,Glass,Industrial,Recycled,
166,167,44.57,69.684213,79.982252,2023-08-16,Glass,Agricultural,Composted,
167,168,237.12,-81.369837,1.299608,2023-06-12,Plastic,Agricultural,Incinerated,
168,169,422.32,73.033907,161.738226,2023-09-10,Organic,Agricultural,Composted,
169,170,432.15,56.128075,137.69421,2023-02-18,Hazardous,Industrial,Incinerated,
170,171,369.28,-32.852662,-40.005626,2023-06-30,Glass,Commercial,Recycled,Yes middle fish state mean we.
171,172,385.28,61.1806295,-164.670087,2023-09-08,Plastic,Residential,Landfill,
172,173,230.59,40.9239065,20.358716,2023-04-04,Hazardous,Agricultural,Recycled,
173,174,196.95,35.836862,106.710517,2023-06-25,Organic,Commercial,Landfill,
174,175,306.75,49.048295,142.738383,2023-07-27,Organic,Agricultural,Incinerated,
175,176,319.88,15.426037,48.494698,2023-07-30,Organic,Agricultural,Composted,
176,177,161.39,-64.105361,-14.031742,2023-02-02,Glass,Industrial,Recycled,
177,178,111.43,-40.341929,-73.264274,2023-06-21,Electronic,Agricultural,Incinerated,
178,179,290.57,-51.4003005,19.39464,2023-01-20,Electronic,Industrial,Incinerated,Director arm water out hard purpose.
179,180,92.65,-67.867449,63.054503,2023-07-31,Glass,Industrial,Landfill,
180,181,95.98,-86.186352,-146.25516,2023-01-16,Hazardous,Industrial,Recycled,Challenge majority movie six claim under foot.
181,182,66.13,-35.041628,150.826966,2023-08-21,Glass,Residential,Recycled,
182,183,124.71,-4.120314,-32.295622,2023-02-25,Organic,Commercial,Incinerated,
183,184,52.63,-76.862616,70.132106,2023-08-18,Metal,Residential,Composted,
184,185,471.26,-36.319222,11.913694,2023-04-19,Metal,Industrial,Landfill,
185,186,396.61,-57.9317525,44.670232,2023-07-13,Organic,Residential,Incinerated,
186,187,82.39,9.075088,-118.953103,2023-06-15,Hazardous,Agricultural,Incinerated,
187,188,199.38,-3.747112,40.327909,2023-08-25,Hazardous,Agricultural,Landfill,
188,189,144.16,38.75986,-38.992533,2023-02-25,Metal,Commercial,Composted,
189,190,141.95,-32.185803,-87.536571,2023-03-31,Organic,Agricultural,Landfill,
190,191,410.34,-80.594511,160.655361,2023-06-12,Electronic,Industrial,Recycled,
191,192,485.02,29.2771625,-38.700835,2023-03-29,Hazardous,Agricultural,Landfill,
192,193,52.92,59.255893,88.765034,2023-09-29,Plastic,Agricultural,Recycled,Floor mission last upon father.
193,194,259.25,-85.2469565,-33.011731,2023-05-16,Hazardous,Residential,Incinerated,
194,195,461.94,-4.9454635,120.878554,2023-02-09,Plastic,Industrial,Recycled,
195,196,205.33,40.216736,80.801225,2023-08-19,Electronic,Agricultural,Landfill,
196,197,107.04,27.6567155,-152.998024,2023-09-19,Organic,Commercial,Recycled,
197,198,310.46,75.350034,105.04397,2023-02-10,Glass,Industrial,Incinerated,
198,199,97.57,60.943985,103.461856,2023-06-19,Plastic,Residential,Composted,
199,200,279.93,41.640464,6.309071,2023-02-05,Organic,Agricultural,Composted,
200,201,344.81,-74.4471475,-102.985884,2023-05-13,Electronic,Residential,Incinerated,
201,202,78.09,-40.998477,-95.728558,2023-02-28,Organic,Industrial,Landfill,
202,203,275.96,-23.258847,-179.925492,2023-02-08,Glass,Industrial,Incinerated,
203,204,487.25,-12.6879775,-127.403227,2023-05-15,Electronic,Commercial,Recycled,
204,205,23.68,-26.706729,51.629219,2023-06-11,Metal,Residential,Incinerated,
205,206,173.33,51.165637,-62.170949,2023-02-28,Hazardous,Residential,Incinerated,
206,207,280.65,-58.8686225,-62.594995,2023-04-06,Plastic,Agricultural,Recycled,
207,208,140.1,-36.035826,50.263665,2023-06-21,Electronic,Industrial,Recycled,Tell help trouble strong.
208,209,183.71,-68.3781095,175.498259,2023-09-11,Hazardous,Commercial,Landfill,
209,210,406.13,-26.966387,1.401746,2023-01-02,Metal,Agricultural,Composted,
210,211,81.1,-56.5595465,107.974056,2023-02-07,Hazardous,Commercial,Composted,
211,212,81.03,-85.898496,-17.484128,2023-07-19,Plastic,Industrial,Incinerated,
212,213,77.81,26.5571565,53.898793,2023-09-29,Glass,Industrial,Incinerated,
213,214,327.75,87.204954,172.659636,2023-04-17,Organic,Industrial,Landfill,
214,215,190.01,-17.433697,147.431543,2023-01-05,Organic,Agricultural,Landfill,
215,216,342.86,-72.095766,-141.773472,2023-06-07,Hazardous,Agricultural,Recycled,
216,217,55.82,-87.014093,-132.542606,2023-09-07,Organic,Industrial,Incinerated,
217,218,368.43,76.774644,-107.363132,2023-06-13,Hazardous,Commercial,Composted,
218,219,73.67,61.001225,95.267729,2023-05-21,Electronic,Commercial,Composted,
219,220,164.34,35.7182905,-176.602055,2023-06-24,Glass,Industrial,Incinerated,
220,221,173.3,58.1765435,-87.026572,2023-07-25,Metal,Agricultural,Landfill,
221,222,214.97,-82.8850705,-36.021925,2023-01-09,Hazardous,Commercial,Recycled,
222,223,315.58,-57.92171,98.182697,2023-06-14,Metal,Agricultural,Landfill,
223,224,191.29,-7.8955315,-111.283461,2023-02-13,Hazardous,Commercial,Recycled,
224,225,45.16,77.3969805,126.513488,2023-04-12,Organic,Residential,Composted,
225,226,499.5,-39.404832,70.536864,2023-07-16,Plastic,Agricultural,Composted,Center right forget join.
226,227,402.39,-68.5407625,74.096001,2023-03-13,Glass,Industrial,Incinerated,
227,228,294.85,15.9636155,144.974472,2023-06-07,Metal,Residential,Landfill,
228,229,488.21,-89.0548025,-173.534538,2023-01-13,Electronic,Agricultural,Composted,
229,230,427.04,-5.053027,-78.873605,2023-07-01,Electronic,Industrial,Composted,
230,231,68.76,38.187825,-111.865934,2023-08-31,Organic,Industrial,Composted,
231,232,278.85,-77.5359415,113.880394,2023-03-30,Hazardous,Commercial,Incinerated,
232,233,469.6,-29.63556,112.155976,2023-03-03,Plastic,Industrial,Incinerated,
233,234,68.23,69.4279395,111.690452,2023-03-02,Organic,Commercial,Recycled,
234,235,27.9,-45.5147465,-45.260316,2023-03-11,Organic,Agricultural,Recycled,
235,236,17.54,29.163416,120.189446,2023-03-12,Glass,Industrial,Landfill,
236,237,10.7,-16.043632,32.485082,2023-05-11,Electronic,Residential,Incinerated,
237,238,258.16,60.960769,88.163639,2023-03-28,Hazardous,Industrial,Composted,
238,239,448.9,57.218034,25.072705,2023-03-15,Plastic,Residential,Recycled,
239,240,206.27,-46.101679,159.465113,2023-05-18,Metal,Commercial,Landfill,
240,241,149.93,59.405213,-96.330913,2023-03-23,Glass,Industrial,Incinerated,
241,242,448.83,86.8277925,-52.745591,2023-04-26,Metal,Residential,Landfill,
242,243,339.23,-42.5070345,-108.224938,2023-02-14,Hazardous,Agricultural,Composted,Force continue movement tonight deep quickly.
243,244,497.89,23.857354,-129.527426,2023-02-04,Metal,Industrial,Incinerated,
244,245,125.26,-70.990987,-163.884425,2023-03-19,Organic,Industrial,Composted,
245,246,324.66,54.214905,-170.874782,2023-09-06,Metal,Commercial,Incinerated,
246,247,311.02,50.3676565,-122.321534,2023-04-13,Organic,Industrial,Composted,
247,248,246.45,-19.7614475,-115.944761,2023-01-04,Electronic,Commercial,Incinerated,
248,249,6.96,-46.182131,-70.084622,2023-06-04,Metal,Residential,Composted,
249,250,280.67,-68.9794995,59.473623,2023-08-02,Plastic,Industrial,Composted,
250,251,66.36,49.4056355,85.977814,2023-05-13,Organic,Agricultural,Incinerated,
251,252,185.61,-75.424013,-63.980474,2023-03-04,Electronic,Industrial,Landfill,Treat computer coach give recognize everyone.
252,253,480.69,-5.5886455,19.64097,2023-02-02,Hazardous,Agricultural,Composted,
253,254,206.34,48.558001,166.774312,2023-02-06,Hazardous,Industrial,Recycled,
254,255,443.83,88.2128465,-158.222577,2023-01-21,Hazardous,Commercial,Recycled,
255,256,147.69,-26.0737985,-141.127985,2023-03-14,Glass,Commercial,Landfill,
256,257,463.76,57.2099355,-94.795962,2023-01-11,Metal,Agricultural,Recycled,
257,258,3.39,-15.9302285,-165.739961,2023-04-10,Glass,Commercial,Composted,
258,259,377.02,-55.323361,93.334282,2023-01-15,Electronic,Residential,Recycled,
259,260,84.41,81.9029255,37.689099,2023-08-20,Plastic,Commercial,Composted,Part until listen.
260,261,36.72,-3.9664655,-76.023458,2023-05-12,Metal,Agricultural,Landfill,
261,262,424.33,-16.5748555,114.752141,2023-09-04,Organic,Residential,Composted,
262,263,394.72,20.076183,66.808843,2023-02-05,Organic,Industrial,Landfill,
263,264,23.25,-57.5339175,20.632114,2023-05-24,Glass,Industrial,Incinerated,Foot sport sometimes detail trip wife.
264,265,85.38,41.9691185,167.362891,2023-08-19,Glass,Commercial,Landfill,
265,266,443.12,58.4263185,-64.477708,2023-06-30,Organic,Residential,Landfill,
266,267,416.17,-38.2283475,-123.17517,2023-03-13,Plastic,Industrial,Composted,
267,268,300.48,-87.8449795,127.679736,2023-08-18,Plastic,Agricultural,Landfill,
268,269,438.15,81.7561425,119.317279,2023-03-11,Electronic,Residential,Incinerated,
269,270,69.42,69.2266475,162.901306,2023-05-01,Glass,Industrial,Incinerated,
270,271,83.45,89.572407,79.944443,2023-03-14,Glass,Residential,Incinerated,
271,272,492.7,0.1329145,-70.923588,2023-03-12,Hazardous,Commercial,Incinerated,
272,273,259.77,-53.5909565,21.782066,2023-07-18,Metal,Commercial,Recycled,
273,274,50.73,-76.370047,-52.549612,2023-09-14,Metal,Commercial,Recycled,Sure seat national fire who such.
274,275,10.3,-2.7111195,-69.204036,2023-08-02,Hazardous,Residential,Recycled,
275,276,321.74,-35.6888365,79.402764,2023-03-21,Hazardous,Industrial,Incinerated,
276,277,41.44,31.244769,-29.66259,2023-03-15,Hazardous,Agricultural,Incinerated,
277,278,224.37,-4.252461,91.449365,2023-07-25,Electronic,Agricultural,Landfill,
278,279,495.62,43.4398175,48.747626,2023-05-03,Organic,Agricultural,Composted,
279,280,152.95,-88.711123,-30.770981,2023-06-19,Metal,Commercial,Recycled,
280,281,102.39,-47.7216085,-119.358773,2023-03-15,Electronic,Commercial,Incinerated,
281,282,84.47,27.444446,112.613189,2023-08-28,Hazardous,Agricultural,Recycled,
282,283,427.1,2.3949175,173.962932,2023-01-27,Hazardous,Residential,Recycled,
283,284,74.37,15.282817,-28.693411,2023-01-06,Glass,Industrial,Landfill,
284,285,153.59,79.041951,42.620002,2023-07-11,Hazardous,Commercial,Incinerated,
285,286,80.04,-8.5366555,168.530603,2023-01-31,Plastic,Residential,Incinerated,
286,287,463.08,-62.0871955,-71.010019,2023-07-12,Metal,Agricultural,Composted,
287,288,364.22,-14.1289085,47.544671,2023-05-23,Electronic,Residential,Recycled,
288,289,384.94,71.2443825,47.857411,2023-03-18,Hazardous,Residential,Recycled,
289,290,245.8,85.7626,-101.776507,2023-08-13,Metal,Commercial,Composted,
290,291,4.69,52.2436695,94.477821,2023-07-09,Plastic,Commercial,Composted,
291,292,117.19,-79.9462945,-90.248842,2023-02-27,Organic,Commercial,Incinerated,
292,293,130.19,27.1078025,-141.4778,2023-07-27,Organic,Commercial,Recycled,
293,294,242.05,75.333984,-164.243001,2023-09-27,Plastic,Agricultural,Incinerated,Moment four whom many seek protect mouth.
294,295,250.81,-29.4408545,132.927015,2023-07-13,Metal,Commercial,Composted,
295,296,429.71,55.386493,-38.363866,2023-08-13,Plastic,Industrial,Landfill,
296,297,119.49,-49.1484185,178.224849,2023-09-09,Electronic,Agricultural,Composted,
297,298,201.45,58.241386,-123.71058,2023-01-22,Metal,Residential,Recycled,
298,299,54.06,-32.925285,69.326326,2023-03-10,Metal,Agricultural,Composted,
299,300,364.3,-22.538253,-74.799371,2023-09-01,Electronic,Residential,Recycled,
300,301,480.37,70.7655425,-7.770574,2023-06-28,Electronic,Industrial,Landfill,
301,302,480.01,-3.3656765,104.592435,2023-06-19,Glass,Agricultural,Incinerated,
302,303,192.73,18.4980075,144.276225,2023-01-27,Glass,Residential,Composted,
303,304,24.7,10.5616005,-14.623663,2023-02-13,Organic,Commercial,Incinerated,
304,305,485.42,3.373164,-49.864827,2023-07-24,Glass,Agricultural,Composted,
305,306,126.88,6.0611655,-161.615388,2023-04-16,Glass,Commercial,Recycled,
306,307,192.61,-67.976678,-79.243021,2023-04-28,Metal,Industrial,Incinerated,
307,308,336.26,-79.4423245,-127.998929,2023-02-20,Glass,Residential,Landfill,
308,309,30.04,-59.510157,103.551929,2023-04-29,Metal,Commercial,Recycled,
309,310,219.11,51.852075,107.319247,2023-09-19,Glass,Agricultural,Recycled,Third talk enough right energy.
310,311,291.3,71.8274445,-28.290485,2023-02-01,Electronic,Agricultural,Incinerated,Power determine way realize arm western civil.
311,312,248.04,-10.972949,163.146869,2023-04-09,Electronic,Industrial,Recycled,
312,313,97.33,54.122971,130.120482,2023-06-12,Hazardous,Industrial,Incinerated,
313,314,351.45,49.0538215,-50.836804,2023-06-10,Organic,Agricultural,Composted,
314,315,72.73,67.2905275,155.38166,2023-02-16,Hazardous,Agricultural,Incinerated,
315,316,253.09,-75.349053,161.830295,2023-01-16,Electronic,Industrial,Recycled,
316,317,279.96,69.581562,-124.123482,2023-09-11,Electronic,Industrial,Incinerated,
317,318,319.95,44.968804,59.917189,2023-05-17,Glass,Residential,Incinerated,Run candidate again suddenly while.
318,319,358.29,0.8045025,-114.894696,2023-04-11,Electronic,Commercial,Recycled,
319,320,24.52,48.568297,34.381847,2023-06-26,Organic,Industrial,Landfill,Total feel student study bar service because have.
320,321,428.28,52.373398,34.493686,2023-08-12,Hazardous,Industrial,Recycled,
321,322,222.76,9.5250055,-53.53264,2023-02-06,Metal,Industrial,Landfill,
322,323,449.74,-66.6962195,-55.622578,2023-04-26,Plastic,Commercial,Recycled,
323,324,353.63,-77.7704285,84.412842,2023-06-26,Hazardous,Industrial,Incinerated,
324,325,205.1,-41.0273585,-136.018507,2023-09-14,Metal,Agricultural,Landfill,
325,326,492.25,34.735242,-118.337268,2023-03-05,Organic,Commercial,Recycled,
326,327,447.74,-19.508451,-155.227692,2023-07-07,Glass,Industrial,Recycled,
327,328,327.75,79.5200365,160.920704,2023-02-07,Organic,Residential,Landfill,
328,329,71.04,63.5160805,-146.04653,2023-07-05,Glass,Agricultural,Incinerated,
329,330,455.21,61.9737855,-172.534607,2023-03-25,Glass,Commercial,Recycled,
330,331,429.33,-41.437619,121.174735,2023-05-08,Plastic,Industrial,Landfill,
331,332,136.04,77.978056,-105.79266,2023-03-16,Glass,Residential,Recycled,
332,333,308.06,-20.263389,-18.769978,2023-08-14,Hazardous,Commercial,Composted,
333,334,389.93,61.607297,110.892405,2023-03-11,Electronic,Residential,Recycled,
334,335,70.11,82.3046745,-125.243456,2023-04-11,Glass,Residential,Recycled,
335,336,483.91,15.766386,-25.576838,2023-06-25,Organic,Residential,Recycled,
336,337,82.68,-41.350114,128.424189,2023-01-12,Organic,Commercial,Composted,
337,338,218.2,-34.278528,-73.922447,2023-06-08,Plastic,Commercial,Landfill,
338,339,162.13,-27.0372915,43.091679,2023-03-23,Plastic,Residential,Landfill,
339,340,105.45,61.157475,43.748676,2023-06-10,Metal,Agricultural,Composted,
340,341,386.83,82.849417,61.70078,2023-09-23,Hazardous,Commercial,Incinerated,
341,342,47.08,57.126266,-93.302591,2023-08-07,Plastic,Commercial,Composted,
342,343,18.94,-46.661358,-45.362391,2023-02-14,Organic,Agricultural,Incinerated,
343,344,249.13,-64.452145,-55.720031,2023-03-21,Plastic,Commercial,Composted,
344,345,495.7,22.92796,171.652327,2023-07-11,Organic,Industrial,Incinerated,Stay wrong what newspaper reach maybe.
345,346,76.13,35.3233485,105.152767,2023-02-19,Hazardous,Commercial,Landfill,
346,347,211.1,-40.7392065,-171.512054,2023-06-19,Hazardous,Residential,Incinerated,
347,348,178.79,82.0139335,81.981742,2023-01-27,Glass,Industrial,Incinerated,
348,349,228.82,16.2266835,128.771445,2023-04-25,Organic,Industrial,Recycled,
349,350,36.26,63.843847,17.356469,2023-08-02,Organic,Residential,Landfill,Office ago party do foot exist tax.
350,351,130.49,-68.0055985,-108.128589,2023-03-09,Plastic,Agricultural,Landfill,
351,352,467.14,-13.019219,146.312175,2023-02-09,Electronic,Industrial,Composted,
352,353,340.33,55.142999,-67.897071,2023-03-02,Plastic,Agricultural,Landfill,
353,354,78.55,34.8664765,178.313551,2023-08-17,Electronic,Residential,Landfill,
354,355,95.52,21.934824,90.019274,2023-02-28,Electronic,Commercial,Recycled,
355,356,196.07,44.955802,-113.136738,2023-01-25,Organic,Industrial,Composted,
356,357,129.3,17.505828,87.067334,2023-04-18,Hazardous,Commercial,Composted,
357,358,427.72,34.7844815,43.437902,2023-08-16,Glass,Residential,Landfill,
358,359,101.59,12.184921,110.269715,2023-09-07,Plastic,Commercial,Incinerated,
359,360,236.55,-9.2981895,-82.057217,2023-02-10,Electronic,Commercial,Landfill,
360,361,471.73,69.418613,143.812113,2023-09-06,Plastic,Agricultural,Incinerated,
361,362,298.22,-31.5972175,138.285771,2023-06-17,Metal,Commercial,Incinerated,
362,363,396.12,-66.513046,101.544087,2023-08-25,Glass,Residential,Composted,
363,364,29.92,48.861667,-10.261755,2023-01-06,Plastic,Residential,Composted,
364,365,288.53,-15.1645035,-149.648063,2023-01-20,Glass,Commercial,Composted,Often conference would challenge treat.
365,366,28.35,-2.791536,13.510006,2023-05-15,Hazardous,Industrial,Recycled,
366,367,343.06,51.4596825,-157.186951,2023-08-08,Organic,Agricultural,Recycled,
367,368,356.68,10.636338,55.725479,2023-06-29,Hazardous,Agricultural,Recycled,
368,369,299.82,47.961334,98.780295,2023-02-08,Plastic,Residential,Incinerated,
369,370,244.33,76.344793,37.128522,2023-08-21,Glass,Commercial,Landfill,Lead current big break above board.
370,371,41.03,66.1015505,55.578419,2023-07-19,Metal,Industrial,Incinerated,
371,372,18.07,-34.0070055,-59.26917,2023-05-31,Organic,Agricultural,Incinerated,
372,373,174.9,-64.665078,141.384722,2023-04-17,Organic,Agricultural,Incinerated,Manager prevent but success wind close son.
373,374,289.01,-72.542301,119.160226,2023-08-26,Plastic,Industrial,Recycled,
374,375,474.21,73.8501225,68.880664,2023-06-24,Glass,Agricultural,Recycled,
375,376,384.52,-73.425979,-107.274568,2023-02-15,Organic,Industrial,Composted,
376,377,6.04,-17.295771,64.356613,2023-06-11,Hazardous,Industrial,Incinerated,Avoid full individual still nation.
377,378,358.11,1.056098,-4.215046,2023-01-19,Hazardous,Industrial,Recycled,
378,379,299.2,4.685621,139.386339,2023-08-06,Hazardous,Residential,Landfill,
379,380,155.56,-71.6259305,63.266492,2023-07-31,Electronic,Agricultural,Landfill,
380,381,8.51,-13.7731565,59.902588,2023-04-07,Metal,Residential,Incinerated,Happen would only nature forget as.
381,382,282.79,48.5474205,170.035014,2023-02-17,Glass,Agricultural,Incinerated,
382,383,88.13,-20.0448595,64.993029,2023-07-19,Electronic,Residential,Incinerated,Difference build we professor themselves generation speak.
383,384,142.28,-58.5375195,43.053749,2023-06-12,Organic,Residential,Recycled,
384,385,436.9,5.7382985,44.253972,2023-03-18,Metal,Agricultural,Recycled,
385,386,476.53,52.5507465,147.900057,2023-05-02,Hazardous,Agricultural,Incinerated,
386,387,320.73,8.85128,-54.448124,2023-08-17,Metal,Residential,Composted,
387,388,305.21,-18.8377475,48.088063,2023-03-29,Hazardous,Residential,Recycled,
388,389,453.41,65.6430925,-56.300061,2023-02-11,Plastic,Residential,Landfill,
389,390,35.55,-54.625335,-90.155501,2023-07-12,Electronic,Agricultural,Incinerated,
390,391,148.48,69.669922,62.995118,2023-03-30,Organic,Industrial,Composted,
391,392,94.8,-45.012524,40.306008,2023-01-04,Electronic,Commercial,Composted,Itself radio institution any reach according spend strong.
392,393,163.58,9.8012,70.089404,2023-09-07,Plastic,Residential,Incinerated,
393,394,14.37,-52.3148215,-51.405523,2023-05-07,Organic,Agricultural,Recycled,
394,395,459.23,61.653795,-120.776843,2023-09-16,Metal,Agricultural,Recycled,
395,396,391.73,-14.794011,125.56764,2023-01-06,Metal,Residential,Composted,
396,397,371.0,89.562497,-122.198372,2023-04-30,Organic,Residential,Composted,
397,398,415.67,19.9902105,158.178601,2023-01-04,Glass,Agricultural,Composted,
398,399,93.6,-57.1554795,-43.271174,2023-03-27,Metal,Commercial,Incinerated,
399,400,59.12,63.8085285,18.722358,2023-01-15,Electronic,Residential,Incinerated,
400,401,258.47,52.540838,77.47676,2023-09-09,Hazardous,Industrial,Recycled,
401,402,45.93,17.534489,105.321004,2023-01-25,Metal,Commercial,Composted,
402,403,280.28,17.988676,-129.658571,2023-09-08,Plastic,Agricultural,Incinerated,
403,404,235.7,-25.649051,36.244995,2023-06-26,Electronic,Industrial,Composted,
404,405,64.47,-45.4832585,10.37986,2023-07-19,Metal,Commercial,Landfill,
405,406,376.75,-43.766401,89.952152,2023-01-10,Electronic,Agricultural,Landfill,A police party professional bill.
406,407,370.8,-6.0054145,18.997202,2023-05-27,Plastic,Agricultural,Composted,
407,408,350.63,60.0392245,32.748471,2023-04-14,Hazardous,Agricultural,Incinerated,
408,409,226.72,-14.722757,64.979842,2023-02-03,Glass,Industrial,Landfill,
409,410,170.79,67.1852595,-63.087416,2023-06-28,Organic,Agricultural,Incinerated,
410,411,285.38,68.272459,-77.417142,2023-09-20,Hazardous,Residential,Incinerated,Any wrong medical throw.
411,412,112.22,-81.8918985,-30.167624,2023-08-04,Electronic,Agricultural,Landfill,
412,413,301.09,67.789506,21.171885,2023-05-06,Glass,Commercial,Composted,
413,414,216.0,-51.225189,157.273395,2023-06-13,Plastic,Residential,Recycled,
414,415,273.71,-29.9663885,63.328475,2023-01-27,Hazardous,Agricultural,Landfill,With around child moment different realize.
415,416,123.42,-20.4648705,133.454411,2023-07-07,Electronic,Residential,Composted,
416,417,383.63,49.122853,16.659445,2023-02-08,Glass,Industrial,Landfill,
417,418,427.58,-16.983137,131.16263,2023-04-08,Hazardous,Commercial,Composted,Talk rate government new discuss.
418,419,323.76,-9.8973495,-104.236816,2023-03-30,Glass,Residential,Recycled,
419,420,53.76,-10.2059355,-116.810117,2023-09-18,Plastic,Industrial,Landfill,
420,421,248.43,-84.1269635,-175.834246,2023-06-07,Electronic,Residential,Landfill,
421,422,266.71,46.957393,-99.110757,2023-08-20,Plastic,Residential,Recycled,
422,423,90.62,-0.478456,82.43401,2023-09-15,Electronic,Industrial,Landfill,
423,424,278.04,-7.091397,-63.639408,2023-02-04,Organic,Industrial,Composted,
424,425,52.76,-23.1469135,57.798474,2023-07-09,Electronic,Residential,Landfill,
425,426,334.86,-45.331398,46.568915,2023-05-14,Plastic,Industrial,Recycled,
426,427,76.09,78.879661,169.101584,2023-02-23,Electronic,Industrial,Incinerated,Language then example full because agent.
427,428,418.68,-29.3399895,-115.343665,2023-06-12,Plastic,Residential,Incinerated,
428,429,168.32,19.60007,142.755313,2023-03-04,Glass,Agricultural,Composted,
429,430,348.9,89.523761,-17.705209,2023-09-23,Glass,Agricultural,Composted,
430,431,298.64,-23.3593845,-39.591831,2023-08-06,Metal,Agricultural,Composted,
431,432,406.08,-9.955991,147.308272,2023-07-19,Glass,Commercial,Composted,
432,433,253.35,26.520399,-73.339604,2023-07-22,Plastic,Residential,Composted,
433,434,122.41,34.288312,-29.753186,2023-01-06,Glass,Agricultural,Landfill,
434,435,38.94,8.357274,159.864355,2023-09-07,Hazardous,Residential,Landfill,
435,436,281.79,7.8280085,57.530623,2023-02-21,Organic,Agricultural,Composted,
436,437,169.01,-6.4515535,0.243444,2023-04-27,Plastic,Commercial,Incinerated,
437,438,254.93,49.36934,73.316113,2023-05-28,Organic,Agricultural,Composted,
438,439,412.16,-5.922721,46.350547,2023-08-08,Hazardous,Residential,Recycled,
439,440,76.73,37.4907555,-46.885618,2023-01-28,Electronic,Commercial,Recycled,
440,441,32.5,-68.6859535,98.928423,2023-04-01,Electronic,Industrial,Incinerated,
441,442,359.96,-80.779252,32.582682,2023-07-03,Organic,Agricultural,Incinerated,
442,443,44.63,-78.060296,46.478636,2023-09-28,Glass,Agricultural,Composted,
443,444,438.66,-14.5932115,31.261433,2023-04-18,Electronic,Commercial,Recycled,
444,445,248.85,11.3602415,-53.10331,2023-08-19,Glass,Residential,Recycled,Lead dream age difficult recently rest.
445,446,371.48,18.060402,-175.409929,2023-09-20,Hazardous,Agricultural,Recycled,
446,447,38.2,34.0641755,141.571073,2023-09-04,Glass,Commercial,Landfill,Personal group coach southern everybody chair might.
447,448,85.9,-67.3843225,28.840665,2023-05-05,Organic,Residential,Recycled,
448,449,306.85,54.3753665,103.897832,2023-06-27,Glass,Residential,Composted,
449,450,425.38,-28.842506,-28.148104,2023-02-15,Glass,Industrial,Recycled,
450,451,31.97,-62.11129,-128.652428,2023-01-09,Plastic,Industrial,Landfill,
451,452,123.94,39.979443,-20.222036,2023-08-31,Hazardous,Industrial,Landfill,
452,453,373.9,36.4257695,105.884967,2023-08-04,Hazardous,Industrial,Landfill,
453,454,274.15,1.620427,-153.246993,2023-02-26,Glass,Residential,Incinerated,
454,455,347.86,30.521047,-12.737386,2023-08-08,Electronic,Commercial,Recycled,
455,456,313.95,-56.4411445,-126.87566,2023-02-05,Organic,Residential,Recycled,
456,457,274.4,-29.775045,-47.77262,2023-09-25,Electronic,Industrial,Landfill,
457,458,269.43,29.6399685,-117.068805,2023-05-03,Organic,Industrial,Composted,
458,459,201.26,-29.8278525,-7.02151,2023-06-22,Glass,Industrial,Composted,
459,460,12.58,-28.9699585,137.127958,2023-07-07,Hazardous,Agricultural,Recycled,
460,461,431.46,13.9187975,25.018053,2023-01-29,Organic,Industrial,Landfill,
461,462,98.5,84.5881725,-24.113785,2023-08-25,Organic,Industrial,Landfill,
462,463,182.35,50.8912025,176.927,2023-07-21,Plastic,Agricultural,Composted,
463,464,156.31,89.783366,56.045669,2023-04-05,Electronic,Commercial,Recycled,
464,465,237.62,73.7801625,26.739819,2023-03-25,Plastic,Agricultural,Incinerated,Form north top identify glass training.
465,466,433.55,-55.83034,133.764132,2023-03-13,Organic,Agricultural,Recycled,
466,467,376.42,83.1922175,-91.764796,2023-03-01,Glass,Agricultural,Landfill,
467,468,253.97,54.9400665,54.056098,2023-05-13,Glass,Agricultural,Recycled,
468,469,341.84,-52.58091,-66.31221,2023-04-22,Glass,Agricultural,Recycled,
469,470,141.59,79.100834,36.166013,2023-02-16,Organic,Residential,Landfill,
470,471,102.05,38.722474,-165.205287,2023-03-01,Organic,Industrial,Recycled,
471,472,456.59,-71.1031435,-174.148645,2023-02-04,Hazardous,Commercial,Composted,
472,473,486.05,-6.178802,-12.916987,2023-07-17,Hazardous,Industrial,Composted,
473,474,472.09,-56.957401,131.890963,2023-06-04,Glass,Commercial,Landfill,
474,475,417.67,-67.728387,-87.206227,2023-09-05,Metal,Commercial,Composted,
475,476,43.25,16.082125,-4.389243,2023-04-28,Hazardous,Industrial,Landfill,Relate lose hundred process face heart.
476,477,237.5,89.776587,-115.1777,2023-01-17,Organic,Commercial,Incinerated,
477,478,85.36,18.0440405,41.032308,2023-09-02,Glass,Residential,Recycled,
478,479,466.68,21.030561,-76.272125,2023-09-15,Electronic,Residential,Landfill,
479,480,10.97,76.203212,-143.97244,2023-08-11,Metal,Industrial,Landfill,
480,481,409.81,26.838705,-26.016417,2023-03-14,Plastic,Residential,Recycled,
481,482,384.88,83.497374,-115.451411,2023-06-14,Plastic,Industrial,Recycled,Begin between sing reason old.
482,483,339.97,57.045055,-100.089599,2023-05-21,Glass,Residential,Landfill,
483,484,187.08,83.3317185,72.122938,2023-01-23,Glass,Commercial,Composted,
484,485,254.55,39.5753825,-17.79898,2023-07-14,Glass,Residential,Recycled,
485,486,414.25,14.979394,-3.455082,2023-08-10,Organic,Agricultural,Incinerated,
486,487,58.91,-9.4845595,56.503926,2023-05-22,Metal,Residential,Recycled,
487,488,31.38,23.816642,-37.906435,2023-02-15,Plastic,Commercial,Recycled,
488,489,6.78,48.7746105,-152.076559,2023-08-13,Organic,Agricultural,Recycled,Adult plant increase citizen.
489,490,79.13,37.8101425,-103.473033,2023-04-11,Metal,Agricultural,Incinerated,
490,491,145.58,58.7879675,135.768343,2023-04-25,Plastic,Industrial,Landfill,
491,492,318.31,38.384302,-36.30182,2023-04-17,Plastic,Agricultural,Landfill,
492,493,6.97,57.3803445,123.700712,2023-01-08,Electronic,Residential,Incinerated,
493,494,456.26,88.2212425,-54.811398,2023-08-03,Electronic,Agricultural,Recycled,
494,495,205.69,-74.408932,-126.010383,2023-05-07,Plastic,Residential,Landfill,
495,496,410.31,25.2646255,-110.278051,2023-09-23,Organic,Agricultural,Composted,
496,497,420.99,-78.114694,9.891334,2023-05-11,Hazardous,Residential,Composted,
497,498,282.8,-30.4644415,139.333751,2023-06-07,Hazardous,Residential,Recycled,
498,499,244.71,49.32335,71.342196,2023-09-16,Glass,Industrial,Composted,
499,500,455.11,-1.3385035,-97.895399,2023-01-08,Metal,Industrial,Recycled,
500,501,222.76,13.2416875,84.915258,2023-07-09,Glass,Agricultural,Recycled,
501,502,292.32,71.423789,-96.014539,2023-05-07,Metal,Residential,Landfill,
502,503,260.93,52.262085,31.715137,2023-07-13,Electronic,Industrial,Recycled,
503,504,179.35,-20.8514295,-91.789683,2023-09-08,Metal,Residential,Recycled,
504,505,248.82,54.6227855,1.499871,2023-02-26,Plastic,Agricultural,Landfill,
505,506,320.15,-15.284638,48.48709,2023-05-23,Metal,Agricultural,Landfill,
506,507,84.1,56.5871685,-12.687159,2023-04-28,Electronic,Industrial,Landfill,Most fall clearly size personal hope remember factor.
507,508,397.12,-57.717758,-85.86555,2023-08-07,Electronic,Agricultural,Incinerated,
508,509,322.85,-58.967026,99.533423,2023-01-10,Plastic,Residential,Incinerated,
509,510,74.56,-34.577367,-60.305679,2023-01-26,Hazardous,Agricultural,Landfill,
510,511,340.35,4.5595345,-168.185535,2023-09-17,Metal,Residential,Recycled,Write within pattern any though theory improve.
511,512,250.79,55.2134765,-102.583113,2023-05-08,Organic,Residential,Landfill,
512,513,489.45,-50.785499,12.383464,2023-08-17,Metal,Agricultural,Composted,Break science film community.
513,514,314.93,-20.5300825,-72.218859,2023-01-16,Electronic,Residential,Incinerated,
514,515,262.15,66.8692855,87.229142,2023-01-03,Hazardous,Agricultural,Landfill,
515,516,476.12,63.506199,19.401393,2023-05-19,Metal,Industrial,Incinerated,
516,517,324.0,-52.480879,-60.494501,2023-05-03,Organic,Commercial,Recycled,
517,518,88.43,44.887177,149.506343,2023-09-19,Organic,Commercial,Composted,
518,519,25.55,28.35782,86.826768,2023-09-17,Hazardous,Commercial,Composted,
519,520,423.13,10.616365,138.033332,2023-02-20,Organic,Residential,Recycled,Hot imagine he check small road.
520,521,158.64,25.825975,-63.748805,2023-09-20,Glass,Agricultural,Landfill,
521,522,188.33,69.703496,169.404387,2023-06-02,Electronic,Residential,Incinerated,
522,523,281.77,-41.920831,61.333032,2023-05-17,Plastic,Commercial,Composted,
523,524,49.84,60.7830395,79.502329,2023-05-20,Organic,Agricultural,Composted,
524,525,433.9,-4.9445045,176.257991,2023-07-04,Organic,Agricultural,Incinerated,
525,526,428.89,-30.0935555,-106.568781,2023-01-08,Organic,Residential,Composted,
526,527,372.22,-47.2411565,-160.882589,2023-07-18,Hazardous,Industrial,Landfill,
527,528,355.15,-74.746401,-115.670486,2023-06-22,Plastic,Commercial,Recycled,
528,529,449.16,50.884722,104.026546,2023-06-06,Hazardous,Agricultural,Incinerated,
529,530,425.14,-78.013754,-128.249588,2023-07-19,Electronic,Industrial,Incinerated,
530,531,137.47,18.274818,52.248158,2023-06-02,Electronic,Commercial,Composted,Score break last conference market.
531,532,247.34,64.1719415,155.189273,2023-01-30,Organic,Industrial,Recycled,
532,533,172.87,85.342341,-175.205405,2023-02-15,Electronic,Industrial,Landfill,
533,534,83.44,-70.985289,-171.281525,2023-01-28,Electronic,Agricultural,Landfill,Coach affect surface watch.
534,535,231.24,25.848433,140.41784,2023-08-04,Plastic,Commercial,Composted,
535,536,387.84,84.222692,3.813699,2023-01-12,Hazardous,Industrial,Composted,
536,537,341.22,-10.718595,-44.792159,2023-07-04,Metal,Agricultural,Composted,
537,538,96.8,36.546482,40.686727,2023-01-12,Glass,Industrial,Landfill,
538,539,365.12,-78.894065,41.03655,2023-06-24,Organic,Residential,Incinerated,
539,540,204.12,-79.1431115,11.774028,2023-02-08,Hazardous,Commercial,Recycled,
540,541,442.15,8.5988045,125.54789,2023-02-25,Organic,Industrial,Recycled,
541,542,486.15,63.5232185,117.334672,2023-09-12,Plastic,Agricultural,Composted,
542,543,306.88,-74.6830665,-51.435494,2023-04-14,Glass,Commercial,Composted,List model work television born positive news.
543,544,418.4,-72.905079,38.129736,2023-02-20,Organic,Commercial,Landfill,
544,545,227.21,41.5316745,-124.210512,2023-03-27,Hazardous,Industrial,Composted,Dark more sing move I point key order.
545,546,124.6,52.354746,-75.121635,2023-04-21,Plastic,Commercial,Recycled,
546,547,401.02,4.360326,45.287278,2023-04-07,Organic,Industrial,Incinerated,
547,548,91.19,60.2389355,85.942241,2023-08-24,Glass,Industrial,Recycled,Party make inside either system.
548,549,313.98,16.9912855,-159.611803,2023-05-17,Hazardous,Residential,Recycled,
549,550,181.74,5.3650905,121.74726,2023-07-02,Metal,Industrial,Composted,
550,551,48.55,87.8701835,-159.41742,2023-03-29,Hazardous,Residential,Recycled,
551,552,309.5,-88.5572615,86.045234,2023-02-10,Hazardous,Industrial,Landfill,
552,553,231.88,28.296417,152.148976,2023-09-18,Metal,Commercial,Recycled,
553,554,456.08,42.3819415,37.759945,2023-07-18,Glass,Agricultural,Incinerated,
554,555,399.98,7.750736,41.243326,2023-09-22,Hazardous,Commercial,Incinerated,
555,556,270.95,-58.199535,-151.271717,2023-08-03,Hazardous,Agricultural,Landfill,Turn pattern reason subject natural employee officer not.
556,557,452.16,-2.236259,-39.230259,2023-07-23,Metal,Agricultural,Landfill,
557,558,343.62,-47.2886575,111.509807,2023-03-20,Plastic,Commercial,Landfill,
558,559,1.47,81.236954,-110.206973,2023-06-19,Organic,Residential,Landfill,
559,560,296.78,72.583167,132.174981,2023-02-27,Hazardous,Agricultural,Recycled,
560,561,57.07,42.5522355,-168.126863,2023-07-31,Plastic,Agricultural,Composted,
561,562,271.55,3.069424,37.634887,2023-05-27,Electronic,Industrial,Landfill,
562,563,254.44,-61.118926,-117.250443,2023-01-31,Glass,Commercial,Landfill,
563,564,63.82,67.280492,122.737527,2023-06-04,Hazardous,Agricultural,Incinerated,
564,565,389.7,-18.3311885,71.373126,2023-05-31,Glass,Agricultural,Landfill,
565,566,323.75,-52.612042,155.884804,2023-04-08,Plastic,Commercial,Incinerated,
566,567,56.91,64.6073205,-48.965398,2023-01-17,Glass,Industrial,Recycled,
567,568,175.34,80.0228835,36.251073,2023-05-01,Organic,Industrial,Landfill,
568,569,268.17,-1.056726,-44.428169,2023-08-09,Plastic,Residential,Landfill,
569,570,73.15,-51.2347605,-75.959965,2023-05-04,Organic,Residential,Recycled,
570,571,76.9,50.482699,13.856891,2023-05-30,Metal,Industrial,Composted,
571,572,262.46,-25.596358,-49.752676,2023-02-09,Hazardous,Residential,Recycled,
572,573,299.97,-23.6062795,-34.748055,2023-08-20,Glass,Residential,Incinerated,
573,574,79.63,-82.4452385,-29.637636,2023-03-14,Plastic,Residential,Incinerated,
574,575,193.82,-16.2379115,19.335034,2023-03-10,Electronic,Agricultural,Incinerated,
575,576,437.14,73.156065,-107.167689,2023-01-14,Organic,Commercial,Composted,
576,577,430.27,-74.98771,7.79898,2023-08-30,Hazardous,Residential,Incinerated,
577,578,292.84,82.651477,14.490178,2023-02-20,Hazardous,Commercial,Recycled,
578,579,147.9,31.560962,18.257884,2023-05-26,Glass,Industrial,Incinerated,
579,580,236.14,45.9524525,-12.148162,2023-03-10,Electronic,Agricultural,Landfill,
580,581,187.37,20.8780055,-94.446333,2023-09-13,Glass,Residential,Recycled,
581,582,446.78,-78.299708,78.493865,2023-02-23,Plastic,Residential,Incinerated,
582,583,51.88,-35.7162715,-149.965667,2023-03-08,Electronic,Industrial,Composted,
583,584,488.05,18.624763,57.861451,2023-02-28,Metal,Industrial,Incinerated,Laugh cultural general opportunity voice prepare executive.
584,585,177.75,-75.25792,98.382655,2023-05-22,Metal,Agricultural,Landfill,
585,586,67.62,66.6058805,-106.406249,2023-03-24,Organic,Agricultural,Composted,
586,587,254.73,8.4825305,-51.100772,2023-09-17,Metal,Commercial,Incinerated,
587,588,401.67,-47.115718,142.606059,2023-01-13,Glass,Residential,Composted,
588,589,496.21,-65.459215,176.678343,2023-07-26,Plastic,Residential,Recycled,
589,590,293.43,-2.0354165,66.960894,2023-01-20,Glass,Commercial,Incinerated,
590,591,379.82,45.795882,-65.239596,2023-09-10,Metal,Residential,Incinerated,
591,592,151.76,82.9569,123.936599,2023-01-28,Organic,Commercial,Recycled,
592,593,272.85,39.0244265,88.889297,2023-07-23,Metal,Residential,Composted,
593,594,350.89,-66.8802795,-164.983725,2023-04-11,Plastic,Agricultural,Composted,
594,595,39.78,-21.6288395,119.799927,2023-03-23,Plastic,Agricultural,Incinerated,
595,596,132.05,-78.670237,43.730525,2023-04-19,Plastic,Agricultural,Landfill,
596,597,408.95,-71.763036,136.561257,2023-09-01,Electronic,Residential,Recycled,
597,598,375.55,-49.213557,80.58447,2023-07-21,Plastic,Agricultural,Landfill,
598,599,395.09,84.3486335,113.780922,2023-02-20,Hazardous,Agricultural,Recycled,
599,600,107.38,69.054967,-96.997583,2023-02-11,Organic,Industrial,Incinerated,
600,601,481.62,-86.702045,-168.383214,2023-05-24,Metal,Residential,Recycled,
601,602,2.69,28.6476315,72.495275,2023-04-05,Hazardous,Agricultural,Landfill,
602,603,238.98,56.034261,173.944134,2023-07-03,Glass,Commercial,Landfill,
603,604,247.48,-2.9680575,-178.576293,2023-03-30,Organic,Industrial,Landfill,
604,605,119.28,48.384865,161.337474,2023-05-30,Metal,Agricultural,Composted,
605,606,382.22,-73.1423475,-176.259235,2023-04-17,Hazardous,Industrial,Recycled,
606,607,268.76,-51.9549965,-118.287038,2023-08-27,Electronic,Agricultural,Recycled,
607,608,369.77,-46.788074,-35.702845,2023-07-03,Metal,Residential,Composted,
608,609,122.68,55.657392,-61.140492,2023-05-30,Electronic,Industrial,Recycled,
609,610,272.57,-39.947101,102.027825,2023-01-31,Hazardous,Agricultural,Incinerated,
610,611,46.61,84.9896045,-150.006998,2023-01-24,Glass,Agricultural,Incinerated,
611,612,171.27,71.7153095,123.898018,2023-02-18,Organic,Commercial,Recycled,
612,613,157.6,80.9098955,41.824444,2023-05-10,Plastic,Commercial,Composted,
613,614,219.5,-73.5026665,81.961774,2023-08-03,Organic,Industrial,Landfill,Hair brother shoulder bad Mrs when people history.
614,615,157.54,13.653653,85.885445,2023-07-21,Hazardous,Residential,Incinerated,
615,616,1.63,5.950112,-38.427569,2023-05-11,Organic,Residential,Recycled,
616,617,87.79,-41.4136575,91.731884,2023-08-08,Electronic,Commercial,Incinerated,
617,618,225.04,64.1860445,21.499683,2023-02-27,Metal,Commercial,Incinerated,
618,619,58.76,58.344609,-48.203994,2023-08-12,Plastic,Industrial,Incinerated,
619,620,137.6,-61.6610495,-35.193411,2023-05-06,Organic,Industrial,Composted,
620,621,499.85,72.6103855,172.50552,2023-07-09,Electronic,Residential,Landfill,
621,622,59.65,-87.565236,-24.011373,2023-03-20,Organic,Residential,Incinerated,
622,623,424.86,85.0623235,122.379646,2023-09-13,Glass,Industrial,Incinerated,
623,624,197.05,-86.717236,-65.007159,2023-01-08,Electronic,Residential,Recycled,
624,625,78.6,-60.053486,125.961717,2023-01-17,Glass,Agricultural,Incinerated,
625,626,151.76,-44.182162,-116.473658,2023-01-11,Hazardous,Industrial,Landfill,
626,627,158.29,-52.536503,-172.427182,2023-03-02,Organic,Industrial,Composted,
627,628,209.04,77.3921535,130.801296,2023-06-04,Glass,Commercial,Composted,
628,629,433.1,43.6101795,-105.765222,2023-09-10,Glass,Industrial,Landfill,
629,630,430.38,35.286682,56.83926,2023-07-25,Hazardous,Commercial,Landfill,Two eye travel off avoid usually.
630,631,410.22,-69.5793645,-18.846098,2023-09-20,Plastic,Residential,Composted,For wish drop purpose child raise doctor defense.
631,632,205.79,-73.4714665,-1.53639,2023-07-25,Metal,Industrial,Recycled,
632,633,20.57,55.752089,139.952378,2023-06-09,Glass,Agricultural,Incinerated,
633,634,243.13,-31.217363,82.182639,2023-03-16,Electronic,Agricultural,Recycled,
634,635,161.16,-25.464005,124.213243,2023-06-23,Metal,Commercial,Recycled,
635,636,39.38,-69.502843,49.573235,2023-09-22,Plastic,Residential,Recycled,
636,637,479.41,18.4376695,-62.628011,2023-09-25,Electronic,Commercial,Landfill,Public gas painting whole late.
637,638,91.06,18.932172,-159.729319,2023-03-08,Plastic,Residential,Incinerated,
638,639,17.78,-29.8722475,-109.986165,2023-05-30,Glass,Agricultural,Recycled,
639,640,380.7,5.986648,-89.267728,2023-02-12,Glass,Residential,Composted,
640,641,460.2,-1.621365,178.04417,2023-05-01,Metal,Industrial,Incinerated,
641,642,198.35,-14.418739,-12.735575,2023-02-10,Organic,Commercial,Composted,
642,643,10.31,39.678137,95.667796,2023-09-13,Metal,Agricultural,Incinerated,
643,644,12.14,31.9886855,-6.71953,2023-01-26,Electronic,Residential,Recycled,
644,645,189.59,-65.409911,122.44081,2023-07-28,Metal,Residential,Incinerated,
645,646,205.77,-8.4509505,27.257163,2023-09-03,Electronic,Residential,Landfill,
646,647,43.44,81.308295,-35.168147,2023-02-24,Plastic,Residential,Recycled,
647,648,164.88,63.2513685,-118.505073,2023-09-02,Electronic,Agricultural,Landfill,
648,649,491.82,64.982856,-139.231743,2023-09-10,Electronic,Industrial,Landfill,
649,650,60.59,-68.3395965,21.321054,2023-02-23,Electronic,Residential,Landfill,
650,651,362.86,31.00029,58.609696,2023-05-23,Glass,Residential,Incinerated,
651,652,297.74,20.610071,143.854188,2023-02-27,Metal,Residential,Composted,
652,653,133.87,88.6298965,77.337464,2023-08-08,Organic,Agricultural,Recycled,
653,654,264.25,-42.7027995,-39.995468,2023-01-26,Electronic,Commercial,Composted,
654,655,399.8,-75.676978,28.819616,2023-04-30,Hazardous,Industrial,Landfill,
655,656,271.37,-88.7207805,170.354003,2023-04-27,Hazardous,Residential,Recycled,
656,657,380.6,67.448115,95.634969,2023-05-24,Plastic,Industrial,Recycled,
657,658,228.48,73.7136185,115.875408,2023-04-21,Organic,Residential,Incinerated,
658,659,144.83,-5.0505875,78.04534,2023-04-26,Organic,Agricultural,Incinerated,
659,660,230.16,29.7959115,-112.038317,2023-04-09,Organic,Industrial,Composted,
660,661,499.24,13.7065575,-17.931489,2023-01-17,Plastic,Residential,Composted,
661,662,384.02,39.2470165,87.708982,2023-04-17,Plastic,Commercial,Composted,
662,663,58.45,13.7659995,96.722883,2023-05-14,Organic,Industrial,Incinerated,
663,664,166.3,-83.1901975,65.356675,2023-03-29,Glass,Agricultural,Recycled,
664,665,38.05,-70.604709,7.717652,2023-04-12,Metal,Residential,Landfill,
665,666,125.37,-11.7278835,98.058176,2023-01-17,Metal,Commercial,Composted,
666,667,221.02,-70.2684915,-108.450731,2023-01-11,Electronic,Commercial,Recycled,
667,668,204.5,-75.4221225,63.196936,2023-03-10,Electronic,Industrial,Composted,
668,669,87.1,-83.001797,166.205299,2023-05-11,Electronic,Residential,Landfill,Action industry identify possible home year fear among.
669,670,197.33,-34.725414,135.543642,2023-07-22,Plastic,Industrial,Landfill,
670,671,301.12,58.63633,-20.017345,2023-03-17,Organic,Industrial,Landfill,
671,672,353.58,50.294153,48.235868,2023-06-14,Electronic,Agricultural,Composted,
672,673,229.15,21.9193095,112.929242,2023-02-18,Plastic,Industrial,Composted,
673,674,208.86,38.478966,-170.335594,2023-03-08,Electronic,Residential,Incinerated,
674,675,315.9,-60.709789,-34.596115,2023-07-31,Glass,Residential,Incinerated,
675,676,448.12,-51.524083,137.366528,2023-02-03,Glass,Commercial,Recycled,Environment your western ready list until many.
676,677,159.97,-47.047231,-95.020106,2023-04-12,Glass,Residential,Recycled,
677,678,184.5,60.7767965,-30.928848,2023-01-09,Metal,Industrial,Landfill,
678,679,137.77,9.905159,91.025867,2023-04-27,Electronic,Agricultural,Incinerated,Debate debate language box security.
679,680,179.98,-32.081127,87.724602,2023-04-13,Metal,Agricultural,Incinerated,
680,681,428.15,-84.3053585,59.538344,2023-08-14,Electronic,Commercial,Composted,
681,682,42.81,-72.6203895,-92.898469,2023-02-04,Metal,Agricultural,Composted,
682,683,188.75,36.782373,-87.988835,2023-09-07,Plastic,Industrial,Recycled,
683,684,382.67,-23.054079,12.735506,2023-04-20,Glass,Agricultural,Landfill,
684,685,102.06,-84.065625,-142.10375,2023-02-25,Organic,Agricultural,Recycled,
685,686,162.91,-84.379338,126.7941,2023-03-09,Hazardous,Commercial,Incinerated,
686,687,160.47,3.9344255,85.887345,2023-08-09,Electronic,Agricultural,Landfill,They fall join among.
687,688,69.13,46.570888,120.338595,2023-05-10,Hazardous,Commercial,Incinerated,
688,689,78.98,81.0844605,-124.52081,2023-06-02,Electronic,Agricultural,Landfill,
689,690,238.97,-3.962427,48.461562,2023-07-01,Plastic,Residential,Recycled,
690,691,442.69,-30.8705455,-87.617324,2023-07-27,Glass,Residential,Recycled,
691,692,137.14,60.3765935,29.216647,2023-08-06,Metal,Commercial,Landfill,
692,693,493.87,32.892967,-103.895483,2023-09-16,Organic,Commercial,Composted,
693,694,14.22,62.3513945,14.798058,2023-03-06,Electronic,Agricultural,Recycled,They participant rock.
694,695,221.63,-7.7822785,-132.434604,2023-06-22,Metal,Industrial,Incinerated,
695,696,201.23,84.6404185,0.679421,2023-08-30,Organic,Agricultural,Incinerated,
696,697,273.28,24.405398,92.429118,2023-02-12,Glass,Agricultural,Incinerated,
697,698,96.43,-38.898739,143.403885,2023-01-10,Organic,Agricultural,Landfill,
698,699,164.14,-36.756429,-158.09018,2023-08-23,Plastic,Industrial,Recycled,
699,700,59.52,72.4851775,-85.018791,2023-01-16,Hazardous,Agricultural,Landfill,
700,701,99.0,-48.3099065,8.270175,2023-06-19,Hazardous,Residential,Composted,
701,702,237.07,-2.6023285,158.761573,2023-03-17,Glass,Agricultural,Incinerated,
702,703,188.86,-24.8382475,37.644294,2023-03-04,Metal,Industrial,Landfill,
703,704,362.39,4.182862,-71.44366,2023-09-24,Plastic,Industrial,Composted,
704,705,498.89,-50.3723515,-50.48249,2023-03-12,Glass,Agricultural,Composted,
705,706,121.13,-40.225382,-129.966454,2023-01-07,Glass,Commercial,Recycled,
706,707,271.81,-38.012981,16.547988,2023-06-28,Glass,Industrial,Incinerated,
707,708,123.04,-26.4103355,11.451593,2023-01-17,Organic,Residential,Recycled,
708,709,354.53,-30.714607,-120.936933,2023-07-21,Plastic,Commercial,Landfill,
709,710,488.73,38.9884045,-9.952887,2023-05-09,Organic,Industrial,Incinerated,
710,711,489.24,-26.330459,-24.469026,2023-09-11,Hazardous,Residential,Incinerated,
711,712,463.87,25.6396895,100.867512,2023-06-10,Plastic,Residential,Composted,
712,713,408.83,19.758858,-110.990041,2023-01-02,Metal,Agricultural,Landfill,Improve need pass yes become moment risk.
713,714,107.66,68.951059,-59.902258,2023-08-23,Electronic,Agricultural,Landfill,
714,715,234.23,22.431034,3.910102,2023-01-23,Glass,Agricultural,Composted,
715,716,366.92,75.2632585,89.37326,2023-09-01,Metal,Residential,Landfill,Already forward quite imagine after the defense.
716,717,4.33,-52.445212,-151.348969,2023-04-28,Organic,Agricultural,Recycled,
717,718,48.67,41.7991705,-9.753729,2023-05-19,Glass,Industrial,Recycled,
718,719,353.65,-10.674946,88.072639,2023-02-08,Hazardous,Industrial,Composted,
719,720,137.36,68.3020205,-105.456469,2023-03-16,Hazardous,Agricultural,Incinerated,
720,721,395.45,-51.5056585,-12.983174,2023-04-26,Electronic,Agricultural,Landfill,
721,722,95.73,-89.1677085,19.270102,2023-07-18,Plastic,Agricultural,Landfill,
722,723,170.62,40.720226,127.448198,2023-08-08,Hazardous,Industrial,Landfill,
723,724,277.14,10.8552995,-24.863845,2023-01-27,Glass,Agricultural,Incinerated,
724,725,422.12,-64.93013,20.327159,2023-05-14,Hazardous,Residential,Composted,
725,726,213.36,39.4758365,93.734292,2023-03-15,Hazardous,Agricultural,Incinerated,
726,727,226.83,75.4813705,45.89778,2023-01-20,Electronic,Industrial,Recycled,
727,728,49.95,-4.869911,145.775268,2023-07-04,Electronic,Commercial,Composted,
728,729,483.04,26.8312425,141.436676,2023-08-20,Hazardous,Agricultural,Recycled,
729,730,473.53,-28.721548,103.400399,2023-08-27,Electronic,Commercial,Recycled,
730,731,337.84,-34.7321125,-97.709223,2023-03-17,Electronic,Commercial,Landfill,
731,732,84.39,48.009904,133.792572,2023-05-13,Organic,Industrial,Incinerated,
732,733,383.24,-46.2422165,-50.041753,2023-08-09,Plastic,Residential,Recycled,
733,734,20.4,-19.9654055,-58.257037,2023-01-04,Organic,Residential,Recycled,
734,735,280.42,-53.964574,-81.934758,2023-03-06,Plastic,Agricultural,Composted,
735,736,155.44,-35.73356,-82.409893,2023-05-17,Glass,Agricultural,Composted,
736,737,475.59,-9.270655,-21.622489,2023-02-20,Hazardous,Residential,Landfill,
737,738,308.83,75.6308505,-83.406993,2023-05-30,Hazardous,Residential,Incinerated,
738,739,356.85,19.891789,-9.69808,2023-07-08,Plastic,Residential,Incinerated,
739,740,180.11,76.0812585,142.369246,2023-09-06,Metal,Industrial,Recycled,
740,741,256.36,-86.6563145,10.244823,2023-09-04,Glass,Commercial,Composted,
741,742,295.13,80.5741765,154.308211,2023-06-20,Organic,Agricultural,Landfill,
742,743,380.18,-42.8690245,158.422584,2023-05-23,Organic,Commercial,Landfill,
743,744,136.19,55.978213,-41.065198,2023-03-13,Metal,Agricultural,Incinerated,
744,745,329.39,22.6997505,-119.511042,2023-04-04,Metal,Residential,Incinerated,
745,746,434.18,-51.838932,-145.665194,2023-06-13,Glass,Industrial,Recycled,
746,747,216.81,-67.96548,174.430445,2023-03-09,Glass,Residential,Incinerated,
747,748,480.03,88.6857595,-153.284795,2023-03-17,Metal,Industrial,Recycled,
748,749,471.86,-15.8279885,-103.926346,2023-04-08,Organic,Industrial,Composted,
749,750,323.03,9.2740105,177.020834,2023-04-23,Metal,Commercial,Composted,
750,751,447.15,-72.4346095,-92.356882,2023-03-03,Plastic,Residential,Landfill,
751,752,65.65,-78.503888,136.579769,2023-07-15,Glass,Industrial,Composted,
752,753,305.18,-70.015586,153.423897,2023-01-28,Plastic,Residential,Incinerated,
753,754,482.83,50.158111,73.250032,2023-08-01,Hazardous,Commercial,Recycled,
754,755,362.74,64.214672,129.288183,2023-01-09,Organic,Commercial,Incinerated,
755,756,159.53,2.9212965,-174.108041,2023-07-01,Electronic,Industrial,Composted,
756,757,86.15,56.5775195,-7.711894,2023-09-10,Plastic,Industrial,Landfill,
757,758,331.16,-14.3463505,-178.731838,2023-07-02,Plastic,Commercial,Incinerated,
758,759,225.63,76.707659,169.464787,2023-06-22,Glass,Commercial,Landfill,
759,760,217.5,-11.860965,-159.865925,2023-04-04,Electronic,Commercial,Recycled,
760,761,151.94,52.8140235,-57.127237,2023-02-27,Organic,Residential,Recycled,
761,762,24.23,53.153268,65.629786,2023-05-13,Organic,Commercial,Landfill,
762,763,15.43,45.176847,-36.859115,2023-01-27,Electronic,Industrial,Landfill,
763,764,488.75,-38.87297,-75.623581,2023-06-05,Electronic,Commercial,Incinerated,
764,765,256.65,85.6205485,-65.988632,2023-01-25,Hazardous,Agricultural,Composted,
765,766,141.04,-70.73896,-49.059281,2023-03-04,Metal,Commercial,Recycled,
766,767,299.2,69.0927975,120.241669,2023-06-10,Plastic,Residential,Incinerated,
767,768,270.13,-47.8980105,-153.561063,2023-09-11,Metal,Residential,Landfill,
768,769,409.98,-87.9674405,-148.702679,2023-03-15,Metal,Residential,Incinerated,
769,770,477.93,5.218065,111.651873,2023-03-22,Plastic,Agricultural,Landfill,
770,771,147.7,50.5251115,-63.141966,2023-05-27,Glass,Residential,Composted,
771,772,258.82,-23.0928215,174.141562,2023-08-15,Electronic,Commercial,Landfill,
772,773,224.17,-16.3296175,-151.646252,2023-09-01,Plastic,Agricultural,Incinerated,
773,774,165.15,-25.8722175,-170.686298,2023-02-09,Metal,Residential,Landfill,
774,775,169.87,2.66921,29.703259,2023-06-21,Electronic,Agricultural,Recycled,
775,776,492.16,-63.0041735,87.332168,2023-07-12,Glass,Commercial,Incinerated,
776,777,182.18,-38.392546,-42.374366,2023-07-28,Plastic,Agricultural,Landfill,
777,778,413.62,13.237749,-113.458538,2023-01-28,Organic,Agricultural,Recycled,
778,779,96.97,60.5795675,-17.110647,2023-09-08,Organic,Industrial,Recycled,
779,780,43.95,2.389643,51.125489,2023-07-01,Metal,Agricultural,Recycled,
780,781,186.39,-62.2788715,99.987,2023-07-18,Metal,Commercial,Composted,
781,782,242.5,-28.5904935,-154.421688,2023-06-24,Glass,Agricultural,Landfill,Respond make nature one weight.
782,783,165.03,45.5492335,6.501934,2023-09-16,Electronic,Residential,Incinerated,
783,784,422.82,-49.3175415,36.144554,2023-07-09,Metal,Industrial,Incinerated,
784,785,227.43,-36.344826,128.295179,2023-09-03,Electronic,Agricultural,Incinerated,
785,786,283.43,-5.459431,82.738026,2023-05-08,Metal,Industrial,Landfill,
786,787,264.74,60.991698,12.638305,2023-09-27,Plastic,Agricultural,Recycled,Matter help task.
787,788,238.94,26.9936095,-90.350077,2023-04-22,Plastic,Commercial,Landfill,
788,789,331.58,70.3430495,-0.648545,2023-03-12,Hazardous,Industrial,Landfill,
789,790,484.41,47.5061235,135.913301,2023-02-26,Metal,Agricultural,Recycled,
790,791,210.4,-4.555124,-107.577208,2023-01-16,Plastic,Industrial,Recycled,
791,792,118.94,-12.6481115,-122.256054,2023-08-23,Plastic,Industrial,Composted,
792,793,299.82,-68.983338,-39.120942,2023-08-08,Glass,Industrial,Landfill,
793,794,433.95,40.024342,56.93905,2023-02-16,Electronic,Industrial,Incinerated,
794,795,303.58,81.056345,-54.758443,2023-07-26,Organic,Commercial,Composted,
795,796,99.91,-72.09556,-26.121024,2023-01-19,Plastic,Industrial,Recycled,
796,797,41.26,16.3338945,26.463716,2023-04-18,Metal,Commercial,Recycled,
797,798,343.17,-81.4930025,-65.483769,2023-05-04,Organic,Residential,Incinerated,
798,799,380.17,-67.677936,-37.061707,2023-02-24,Electronic,Residential,Composted,
799,800,23.5,61.887092,-40.458288,2023-02-21,Plastic,Agricultural,Landfill,Consider move religious exactly daughter foot between.
800,801,71.28,-32.1914525,33.692936,2023-02-08,Glass,Industrial,Composted,
801,802,7.28,-50.977685,69.393614,2023-09-06,Plastic,Agricultural,Recycled,
802,803,495.8,-85.020075,27.337992,2023-09-22,Glass,Residential,Landfill,
803,804,340.23,-86.216614,-129.065226,2023-04-14,Electronic,Commercial,Incinerated,
804,805,149.96,-88.0051925,31.424045,2023-03-27,Metal,Commercial,Incinerated,
805,806,367.52,-36.3922785,76.525946,2023-03-19,Electronic,Agricultural,Recycled,
806,807,233.5,22.879474,-124.547942,2023-02-08,Glass,Industrial,Composted,
807,808,363.98,-42.3744585,-164.443493,2023-05-05,Metal,Agricultural,Recycled,
808,809,446.42,-44.5437725,-167.562546,2023-05-05,Metal,Commercial,Recycled,
809,810,349.9,0.8014805,-144.273066,2023-03-19,Metal,Residential,Incinerated,
810,811,287.17,-11.802312,-99.35655,2023-09-18,Metal,Agricultural,Incinerated,
811,812,412.8,-63.4845705,94.559368,2023-02-05,Plastic,Commercial,Recycled,
812,813,174.27,-82.3266545,-139.828903,2023-06-01,Metal,Agricultural,Composted,
813,814,454.44,81.5127715,155.837816,2023-07-08,Organic,Residential,Composted,Hour there PM she something.
814,815,158.9,66.8506815,118.61559,2023-01-31,Electronic,Commercial,Recycled,
815,816,427.27,-43.836236,-56.253166,2023-04-16,Organic,Industrial,Composted,
816,817,427.47,62.6316585,79.469303,2023-01-08,Electronic,Commercial,Composted,Involve lead alone face news plan.
817,818,152.47,-84.7486775,-102.034917,2023-04-20,Plastic,Residential,Incinerated,
818,819,335.31,-26.296104,114.695705,2023-04-11,Plastic,Commercial,Incinerated,
819,820,363.01,-32.3739895,-63.401083,2023-09-09,Electronic,Residential,Landfill,
820,821,157.91,75.538146,-26.424523,2023-06-03,Metal,Agricultural,Incinerated,
821,822,30.36,-65.6796955,175.549648,2023-04-25,Hazardous,Industrial,Incinerated,
822,823,293.82,-58.8731035,-26.734241,2023-07-02,Organic,Residential,Composted,
823,824,208.82,-30.9228805,20.71134,2023-01-03,Metal,Commercial,Recycled,
824,825,182.26,14.824725,51.501644,2023-04-08,Metal,Residential,Composted,
825,826,355.93,-74.526492,-79.490852,2023-08-21,Metal,Residential,Incinerated,
826,827,128.62,-69.550304,-0.096848,2023-05-31,Organic,Residential,Landfill,Team end rich surface service.
827,828,330.38,-46.5903995,-150.336251,2023-05-01,Electronic,Industrial,Landfill,
828,829,241.99,-10.9266655,-113.616313,2023-06-11,Hazardous,Industrial,Incinerated,
829,830,172.3,-52.8424215,45.442488,2023-05-31,Metal,Commercial,Incinerated,
830,831,122.1,82.2665565,155.946919,2023-04-29,Metal,Industrial,Landfill,
831,832,24.56,14.7749025,155.168835,2023-03-04,Electronic,Commercial,Recycled,
832,833,196.93,22.8529395,31.401758,2023-05-03,Plastic,Agricultural,Composted,
833,834,416.21,65.4558305,54.17041,2023-09-05,Hazardous,Industrial,Recycled,Affect recognize student TV.
834,835,59.49,-1.2796885,-178.732821,2023-04-13,Organic,Agricultural,Incinerated,
835,836,60.07,85.2441035,-161.333263,2023-01-23,Electronic,Agricultural,Incinerated,Decade notice police weight plant.
836,837,475.44,-69.760872,99.847835,2023-03-06,Hazardous,Residential,Landfill,
837,838,11.41,-16.354435,-125.077227,2023-07-05,Electronic,Agricultural,Recycled,
838,839,17.02,-62.0883765,-72.548083,2023-07-07,Hazardous,Industrial,Landfill,
839,840,21.64,7.6103255,-126.777662,2023-04-24,Glass,Industrial,Composted,
840,841,298.99,36.336069,-115.874698,2023-08-18,Electronic,Commercial,Landfill,
841,842,169.98,82.089493,-144.523913,2023-06-04,Hazardous,Agricultural,Incinerated,
842,843,399.28,-29.0124545,19.040956,2023-07-07,Glass,Commercial,Recycled,
843,844,155.59,48.832937,124.172793,2023-03-17,Plastic,Commercial,Incinerated,
844,845,454.63,53.165956,-12.379143,2023-01-24,Metal,Commercial,Landfill,Ahead laugh military toward while laugh yes.
845,846,329.13,-68.989056,82.188584,2023-09-17,Hazardous,Agricultural,Landfill,
846,847,112.79,-89.680652,-36.338189,2023-08-30,Electronic,Agricultural,Incinerated,
847,848,169.84,2.93881,84.153488,2023-09-29,Organic,Industrial,Composted,
848,849,39.68,-37.668534,-175.623457,2023-06-28,Metal,Agricultural,Composted,
849,850,369.62,-68.5526305,-116.376202,2023-07-15,Metal,Commercial,Composted,
850,851,474.57,16.802849,-37.036325,2023-06-08,Hazardous,Agricultural,Recycled,
851,852,464.25,-85.9877445,100.474348,2023-09-28,Metal,Commercial,Landfill,
852,853,282.65,-9.5982415,49.839373,2023-01-15,Organic,Commercial,Incinerated,
853,854,411.27,20.799714,149.495325,2023-04-06,Metal,Agricultural,Recycled,
854,855,145.98,87.8365405,-127.985542,2023-08-19,Plastic,Residential,Incinerated,
855,856,383.03,-67.475568,-171.104771,2023-01-21,Metal,Agricultural,Incinerated,
856,857,427.01,76.88042,29.686962,2023-02-10,Electronic,Commercial,Recycled,
857,858,498.04,79.5273225,-13.403639,2023-07-06,Glass,Residential,Incinerated,
858,859,447.87,-72.717474,86.526888,2023-02-07,Electronic,Agricultural,Recycled,
859,860,128.57,64.088291,-59.769671,2023-09-03,Plastic,Residential,Incinerated,
860,861,107.95,47.0045745,79.207093,2023-08-15,Organic,Industrial,Landfill,
861,862,243.99,42.3189955,152.823037,2023-07-15,Organic,Industrial,Recycled,
862,863,450.09,-54.39649,-152.733419,2023-06-08,Plastic,Commercial,Incinerated,
863,864,298.82,-24.7971315,144.472606,2023-08-19,Metal,Residential,Landfill,
864,865,381.06,-30.0914525,143.599765,2023-04-06,Organic,Commercial,Landfill,Upon natural support ever study nature team simply.
865,866,319.43,37.497386,-116.035753,2023-06-02,Glass,Residential,Recycled,
866,867,166.08,-38.4167445,14.291554,2023-03-07,Plastic,Residential,Composted,
867,868,203.19,28.228496,-3.404041,2023-07-13,Plastic,Residential,Recycled,
868,869,353.23,33.5440105,172.887314,2023-04-03,Plastic,Commercial,Composted,
869,870,13.09,-40.651463,-60.22838,2023-01-23,Hazardous,Commercial,Composted,
870,871,129.22,31.231474,139.840082,2023-02-18,Plastic,Commercial,Landfill,
871,872,243.06,-75.344608,84.495599,2023-03-08,Plastic,Industrial,Incinerated,
872,873,15.87,-68.084549,-159.627057,2023-02-11,Metal,Residential,Composted,
873,874,346.84,-53.934993,89.65344,2023-05-01,Glass,Industrial,Landfill,
874,875,237.91,38.8927845,-62.108419,2023-06-03,Plastic,Industrial,Recycled,
875,876,17.78,-12.8419405,113.009764,2023-07-01,Organic,Commercial,Recycled,
876,877,50.36,-18.5848145,159.129458,2023-04-30,Metal,Agricultural,Recycled,
877,878,244.26,82.371084,142.025577,2023-09-14,Glass,Residential,Landfill,
878,879,424.84,61.246285,-33.065221,2023-05-13,Metal,Residential,Recycled,
879,880,31.51,87.63639,164.43021,2023-07-16,Glass,Agricultural,Landfill,
880,881,3.8,46.192104,-140.849173,2023-01-17,Electronic,Commercial,Recycled,
881,882,221.95,-33.675812,112.153485,2023-07-29,Hazardous,Residential,Composted,
882,883,24.88,11.2226885,175.11665,2023-01-31,Organic,Industrial,Incinerated,
883,884,329.16,24.2511385,-107.999769,2023-01-26,Electronic,Industrial,Landfill,
884,885,262.95,-42.7684685,-94.28389,2023-03-15,Metal,Agricultural,Recycled,Summer yes marriage style people.
885,886,33.97,-33.1697665,111.056831,2023-06-01,Hazardous,Industrial,Composted,
886,887,484.94,76.865816,39.977404,2023-02-11,Electronic,Industrial,Landfill,
887,888,198.5,-14.8929115,-16.20269,2023-09-26,Glass,Residential,Recycled,
888,889,492.94,-30.062449,60.169781,2023-06-16,Metal,Commercial,Landfill,
889,890,453.48,-83.9197255,-85.525489,2023-01-02,Organic,Commercial,Landfill,
890,891,400.56,-32.5482335,-2.470522,2023-02-06,Electronic,Residential,Landfill,
891,892,414.12,-65.891181,166.522,2023-07-03,Hazardous,Industrial,Landfill,
892,893,309.33,48.671184,-57.699553,2023-06-20,Organic,Industrial,Landfill,
893,894,202.54,79.004112,70.941464,2023-09-26,Electronic,Industrial,Composted,
894,895,95.83,40.136596,14.592076,2023-02-21,Hazardous,Commercial,Composted,
895,896,166.73,36.7918395,56.671228,2023-06-12,Plastic,Commercial,Composted,
896,897,29.04,-23.873216,51.284964,2023-05-14,Plastic,Industrial,Incinerated,
897,898,293.54,85.334813,-29.065425,2023-01-24,Hazardous,Agricultural,Recycled,
898,899,73.18,-42.6785935,17.668668,2023-01-24,Electronic,Residential,Composted,
899,900,444.29,-8.8141465,-110.694921,2023-03-16,Hazardous,Agricultural,Recycled,
900,901,475.3,-70.1198475,-24.872789,2023-04-03,Plastic,Residential,Incinerated,Stop less idea woman.
901,902,303.44,-0.1260945,-44.358236,2023-05-16,Hazardous,Residential,Incinerated,
902,903,200.41,-3.304373,-77.030407,2023-04-14,Hazardous,Residential,Recycled,
903,904,195.16,-2.6215445,-108.023016,2023-03-11,Hazardous,Industrial,Incinerated,
904,905,85.82,13.905177,35.447847,2023-01-13,Metal,Agricultural,Incinerated,Song wide suggest develop quickly yard.
905,906,240.2,-59.2844325,8.105766,2023-01-01,Glass,Industrial,Composted,
906,907,175.58,-89.178798,44.046817,2023-07-09,Hazardous,Residential,Composted,
907,908,314.32,51.1444365,-0.157984,2023-01-15,Organic,Industrial,Recycled,
908,909,190.54,-83.694738,38.180421,2023-02-13,Plastic,Industrial,Recycled,
909,910,314.18,85.5120165,-29.692993,2023-08-05,Electronic,Industrial,Recycled,
910,911,187.42,46.561046,-179.118212,2023-08-07,Glass,Commercial,Composted,Personal music bring color.
911,912,292.26,17.241847,-147.98527,2023-03-08,Organic,Industrial,Composted,
912,913,90.87,4.1156935,96.434028,2023-07-13,Organic,Agricultural,Recycled,
913,914,117.46,40.173514,70.956405,2023-08-12,Glass,Industrial,Incinerated,Bring participant oil choice cold ten threat.
914,915,397.84,-51.9478455,46.121104,2023-07-10,Organic,Residential,Landfill,Produce deal fund air computer.
915,916,454.14,42.2611125,57.907506,2023-05-16,Electronic,Residential,Recycled,
916,917,435.87,-72.0026855,-179.108316,2023-03-07,Plastic,Agricultural,Incinerated,
917,918,139.59,68.3600145,-179.537507,2023-05-31,Metal,Commercial,Composted,
918,919,196.83,-80.5582745,-93.26922,2023-06-15,Plastic,Commercial,Recycled,
919,920,467.62,-33.0643765,-92.409297,2023-06-19,Electronic,Industrial,Recycled,
920,921,126.53,-6.3998385,-47.587435,2023-05-11,Hazardous,Residential,Recycled,
921,922,497.54,-79.2633875,42.491772,2023-03-03,Hazardous,Industrial,Recycled,
922,923,110.24,88.756949,118.123434,2023-01-27,Metal,Industrial,Composted,
923,924,208.36,-31.9247575,164.705434,2023-06-23,Glass,Residential,Incinerated,
924,925,125.9,41.34062,-57.009988,2023-06-11,Glass,Commercial,Incinerated,
925,926,224.12,-83.5574895,124.026915,2023-02-20,Plastic,Residential,Incinerated,
926,927,420.94,9.8412525,-147.894687,2023-06-14,Plastic,Agricultural,Composted,A get administration Mrs apply.
927,928,14.37,-8.7694265,-56.615504,2023-02-17,Organic,Agricultural,Incinerated,
928,929,233.38,89.4000095,-19.472001,2023-09-28,Metal,Agricultural,Composted,
929,930,237.49,-8.3956645,-113.767154,2023-05-30,Metal,Industrial,Landfill,Including model long through throughout lot.
930,931,431.21,-45.4871315,-42.016168,2023-05-15,Hazardous,Agricultural,Recycled,
931,932,443.89,53.2371925,88.155136,2023-03-06,Metal,Commercial,Recycled,
932,933,13.59,-39.7975535,-137.144126,2023-08-26,Plastic,Commercial,Landfill,
933,934,374.37,-0.747903,-51.142706,2023-04-23,Electronic,Agricultural,Incinerated,
934,935,176.46,16.3776045,161.393676,2023-04-02,Metal,Commercial,Landfill,
935,936,412.16,19.329066,-123.037665,2023-09-20,Organic,Agricultural,Composted,Them floor herself accept feel kid voice.
936,937,366.08,-69.9508555,-50.264535,2023-05-02,Organic,Commercial,Composted,
937,938,6.75,26.693926,162.281089,2023-09-01,Metal,Residential,Landfill,
938,939,431.15,84.445307,-56.330234,2023-05-02,Hazardous,Industrial,Recycled,
939,940,455.97,68.459717,-18.598051,2023-06-08,Plastic,Agricultural,Composted,
940,941,396.87,87.163292,-108.487014,2023-08-07,Electronic,Industrial,Landfill,
941,942,48.1,48.5790155,40.428042,2023-03-24,Plastic,Agricultural,Composted,
942,943,54.67,-88.2278665,59.865618,2023-07-15,Hazardous,Residential,Recycled,
943,944,225.22,85.745768,50.545309,2023-04-29,Glass,Agricultural,Landfill,Education first reason suffer today always read candidate.
944,945,305.53,0.4986045,26.00378,2023-08-20,Plastic,Commercial,Recycled,
945,946,233.76,87.780058,140.731154,2023-04-09,Metal,Residential,Landfill,
946,947,71.87,-28.179119,45.612575,2023-02-23,Electronic,Residential,Composted,
947,948,142.5,-72.0514565,-23.110519,2023-03-05,Plastic,Industrial,Recycled,
948,949,13.4,43.0671445,-21.612998,2023-05-01,Metal,Commercial,Recycled,
949,950,208.8,-45.7671795,167.201219,2023-05-22,Organic,Residential,Composted,
950,951,369.79,-18.27251,71.312441,2023-04-23,Electronic,Agricultural,Landfill,
951,952,403.88,67.265369,-58.227034,2023-05-10,Metal,Industrial,Incinerated,
952,953,235.57,68.6916035,60.271808,2023-05-01,Plastic,Industrial,Composted,
953,954,96.36,-29.573104,-83.841433,2023-04-19,Glass,Industrial,Landfill,
954,955,306.99,-65.210748,-173.474324,2023-01-21,Hazardous,Residential,Recycled,
955,956,440.22,78.2694315,78.15892,2023-03-23,Electronic,Residential,Landfill,
956,957,498.08,20.803156,-133.688109,2023-04-04,Glass,Industrial,Landfill,
957,958,28.38,68.7425425,32.645655,2023-09-01,Plastic,Residential,Composted,
958,959,152.21,-57.4039305,-112.969341,2023-03-24,Metal,Commercial,Landfill,
959,960,40.76,29.60532,122.663088,2023-09-18,Hazardous,Agricultural,Incinerated,
960,961,154.31,10.59068,119.563716,2023-01-08,Hazardous,Residential,Incinerated,
961,962,492.78,40.686346,-172.825865,2023-09-10,Plastic,Commercial,Landfill,
962,963,158.36,-59.931762,-61.037672,2023-01-22,Metal,Industrial,Composted,
963,964,138.64,-89.7797215,134.294825,2023-05-10,Metal,Commercial,Incinerated,
964,965,182.51,79.6413075,91.782273,2023-04-20,Hazardous,Commercial,Landfill,
965,966,173.13,-82.2260855,12.814012,2023-05-31,Organic,Residential,Landfill,
966,967,219.38,9.4687265,-88.09554,2023-04-15,Plastic,Commercial,Landfill,
967,968,326.4,-28.913184,141.457081,2023-04-02,Glass,Agricultural,Landfill,
968,969,247.08,-60.896837,89.129805,2023-01-03,Organic,Industrial,Incinerated,
969,970,386.16,-74.614569,-67.283235,2023-01-10,Metal,Industrial,Landfill,
970,971,57.4,48.1213775,179.162906,2023-09-08,Electronic,Agricultural,Landfill,
971,972,300.56,-72.7650005,-72.249208,2023-01-31,Plastic,Commercial,Recycled,Dark huge consumer.
972,973,219.9,-29.154382,-3.464403,2023-04-23,Glass,Industrial,Landfill,
973,974,169.54,27.33393,-133.129449,2023-01-12,Metal,Industrial,Composted,
974,975,355.35,-4.2599725,-34.871867,2023-07-19,Hazardous,Residential,Composted,
975,976,448.22,44.9112185,7.350569,2023-06-16,Glass,Industrial,Composted,
976,977,166.58,86.2435675,23.971411,2023-03-21,Glass,Residential,Incinerated,
977,978,269.49,58.6609555,25.404795,2023-08-25,Glass,Residential,Landfill,
978,979,281.31,4.5550815,-126.964986,2023-06-03,Glass,Agricultural,Composted,
979,980,464.82,-67.444147,-112.294542,2023-01-26,Plastic,Residential,Composted,
980,981,38.35,63.0808485,-12.583882,2023-07-26,Hazardous,Commercial,Incinerated,
981,982,455.27,-23.6324075,39.529343,2023-02-05,Plastic,Agricultural,Incinerated,Age site sit various meeting.
982,983,477.53,-46.149309,-34.340136,2023-04-01,Glass,Industrial,Landfill,
983,984,59.7,-45.405737,-112.922005,2023-09-09,Organic,Industrial,Composted,
984,985,19.82,-78.748151,112.002755,2023-06-20,Electronic,Industrial,Recycled,
985,986,482.9,0.166409,-153.805338,2023-09-17,Electronic,Agricultural,Landfill,
986,987,99.28,60.1074745,-59.989754,2023-09-08,Electronic,Industrial,Composted,
987,988,79.22,-83.717329,-75.677391,2023-03-27,Glass,Industrial,Incinerated,
988,989,170.74,20.915587,-58.299113,2023-08-12,Plastic,Industrial,Recycled,Beautiful likely hundred she almost act new.
989,990,147.42,-44.3928505,-30.221201,2023-01-13,Glass,Commercial,Recycled,
990,991,15.95,-17.537482,-175.964892,2023-02-20,Plastic,Residential,Composted,
991,992,442.14,-42.284004,-33.266779,2023-04-25,Organic,Commercial,Incinerated,
992,993,452.6,-87.173081,36.336737,2023-03-19,Plastic,Commercial,Recycled,
993,994,313.45,-35.4152675,-144.837119,2023-05-30,Metal,Agricultural,Landfill,
994,995,400.65,-67.973646,148.690163,2023-08-03,Hazardous,Industrial,Composted,
995,996,237.23,-44.913848,-135.81284,2023-07-28,Glass,Commercial,Incinerated,
996,997,179.5,-48.2782925,98.421602,2023-07-24,Plastic,Residential,Recycled,
997,998,438.4,-1.3892545,-24.428442,2023-09-19,Plastic,Residential,Landfill,
998,999,350.91,-37.9424035,112.821364,2023-05-02,Glass,Commercial,Landfill,Share audience start positive.
999,1000,278.89,-44.5408975,110.728612,2023-03-29,Plastic,Commercial,Recycled,
